person_id,full_name,is_pep,is_sanctioned,risk_level,confidence_score,primary_source,political_party,constituency,county,position_title,institution_name,profile_url,source_url,entity_status
1,His Excellency Dr. Musalia Mudavadi E.G.H.,True,False,LOW,97.0,Cabinet,,,,Prime Cabinet Secretary and Cabinet Secretary for Foreign and Diaspora Affairs,Cabinet of Kenya,https://www.president.go.ke/cabinet-secretary/musalia-mudavadi/,https://www.president.go.ke/cabinet/,ACTIVE
2,Onesimus Kipchumba Murkomen,True,False,LOW,97.0,Cabinet,,,,Interior and National Administration,Cabinet of Kenya,https://www.president.go.ke/cabinet-secretary/kithure-kindiki/,https://www.president.go.ke/cabinet/,ACTIVE
3,"Davis Chirchir, E.G.H",True,False,LOW,97.0,Cabinet,,,,Roads and Transport,Cabinet of Kenya,https://www.president.go.ke/cabinet-secretary/njuguna-ndungu/,https://www.president.go.ke/cabinet/,ACTIVE
4,"Hassan Ali Joho, E.G.H",True,False,LOW,97.0,Cabinet,,,,"Mining, Blue Economy and Maritime Affairs",Cabinet of Kenya,https://www.president.go.ke/cabinet-secretary/aisha-jumwa/,https://www.president.go.ke/cabinet/,ACTIVE
5,"Aden Duale, E.G.H.",True,False,LOW,97.0,Cabinet,,,,Health,Cabinet of Kenya,https://www.president.go.ke/cabinet-secretary/aden-duale/,https://www.president.go.ke/cabinet/,ACTIVE
6,"Alice Wahome, E.G.H.",True,False,LOW,97.0,Cabinet,,,,"Lands, Public Works, Housing and Urban Development",Cabinet of Kenya,https://www.president.go.ke/cabinet-secretary/alice-wahome/,https://www.president.go.ke/cabinet/,ACTIVE
7,"Dr. Alfred Mutua, E.G.H.",True,False,LOW,97.0,Cabinet,,,,Labour and Social Protection,Cabinet of Kenya,https://www.president.go.ke/cabinet-secretary/alfred-mutua/,https://www.president.go.ke/cabinet/,ACTIVE
8,Julius Migos Ogamba,True,False,LOW,97.0,Cabinet,,,,Education,Cabinet of Kenya,https://www.president.go.ke/cabinet-secretary/moses-kuria/,https://www.president.go.ke/cabinet/,ACTIVE
9,"Rebecca Miano, E.G.H.",True,False,LOW,97.0,Cabinet,,,,Tourism and Wildlife,Cabinet of Kenya,https://www.president.go.ke/cabinet-secretary/rebecca-miano/,https://www.president.go.ke/cabinet/,ACTIVE
10,Salim Mvurya,True,False,LOW,97.0,Cabinet,,,,"Youth Affairs, Creative Economy and Sports",Cabinet of Kenya,https://www.president.go.ke/cabinet-secretary/onesmus-kipchumba-murkomen/,https://www.president.go.ke/cabinet/,ACTIVE
11,"Roselinda Soipan Tuya, E.G.H.",True,False,LOW,97.0,Cabinet,,,,Defence,Cabinet of Kenya,https://www.president.go.ke/cabinet-secretary/roselinda-soipan-tuya/,https://www.president.go.ke/cabinet/,ACTIVE
12,"Wycliffe Ambetsa Oparanya, FCPA, E.G.H",True,False,LOW,97.0,Cabinet,,,,Co-operatives and Micro Small and Medium Enterprises (MSMEs) Development,Cabinet of Kenya,https://www.president.go.ke/cabinet-secretary/peninah-malonza/,https://www.president.go.ke/cabinet/,ACTIVE
13,"John Mbadi Ng’ongo, E.G.H.",True,False,LOW,97.0,Cabinet,,,,National Treasury and Economic Planning,Cabinet of Kenya,https://www.president.go.ke/cabinet-secretary/mithika-linturi/,https://www.president.go.ke/cabinet/,ACTIVE
14,Eric Muriithi Muuga,True,False,LOW,97.0,Cabinet,,,,"Water, Sanitation and Irrigation",Cabinet of Kenya,https://www.president.go.ke/cabinet-secretary/ezekiel-machogu/,https://www.president.go.ke/cabinet/,ACTIVE
15,Dr. Deborah Mulongo Barasa,True,False,LOW,97.0,Cabinet,,,,"Environment, Climate Change & Forestry",Cabinet of Kenya,https://www.president.go.ke/cabinet-secretary/simon-chelugui/,https://www.president.go.ke/cabinet/,ACTIVE
16,Lee Maiyani Kinyanjui,True,False,LOW,97.0,Cabinet,,,,"Investments, Trade and Industry",Cabinet of Kenya,https://www.president.go.ke/cabinet-secretary/salim-mvurya/,https://www.president.go.ke/cabinet/,ACTIVE
17,Mutahi Kagwe E.G.H.,True,False,LOW,97.0,Cabinet,,,,Agriculture and Livestock Development,Cabinet of Kenya,https://www.president.go.ke/cabinet-secretary/florence-bore/,https://www.president.go.ke/cabinet/,ACTIVE
18,"James Opiyo Wandayi, E.G.H",True,False,LOW,97.0,Cabinet,,,,Energy and Petroleum,Cabinet of Kenya,https://www.president.go.ke/cabinet-secretary/eliud-owalo/,https://www.president.go.ke/cabinet/,ACTIVE
19,William Kabogo Gitau,True,False,LOW,97.0,Cabinet,,,,Information Communication and the Digital Economy,Cabinet of Kenya,https://www.president.go.ke/cabinet-secretary/susan-nakhumicha-wafula/,https://www.president.go.ke/cabinet/,ACTIVE
20,Geoffrey Kiringa Ruku,True,False,LOW,97.0,Cabinet,,,,Public Service and Human Capital Development,Cabinet of Kenya,https://www.president.go.ke/cabinet-secretary/justin-bedan-njoka-muturi/,https://www.president.go.ke/cabinet/,ACTIVE
21,Mercy Kiiru Wanjau,True,False,LOW,97.0,Cabinet,,,,Secretary to the Cabinet,Cabinet of Kenya,https://www.president.go.ke/cabinet-secretary/mercy-kiiru-wanjau/,https://www.president.go.ke/cabinet/,ACTIVE
22,Ms. Beatrice Asukul Moe,True,False,LOW,97.0,Cabinet,,,,East Africa Community and Regional Affairs,Cabinet of Kenya,https://www.president.go.ke/cabinet-secretary/beatrice-asikul/,https://www.president.go.ke/cabinet/,ACTIVE
23,"Ms. Dorcas Agik Oduor SC, E.B.S., O.G.W.",True,False,LOW,97.0,Cabinet,,,,Hon. Attorney-General,Cabinet of Kenya,https://www.president.go.ke/cabinet-secretary/dorcas-oduor/,https://www.president.go.ke/cabinet/,ACTIVE
24,Hanna Wendot Cheptumo,True,False,LOW,97.0,Cabinet,,,,Gender,Cabinet of Kenya,https://www.president.go.ke/cabinet-secretary/hanna-wendot-cheptumo/,https://www.president.go.ke/cabinet/,ACTIVE
25,"His Excellency Dr. William Samoei Ruto, C.G.H.",True,False,LOW,99.0,Presidency,,,,President of the Republic of Kenya and Commander-in-Chief of the Defence Forces,Office of the President,,https://www.president.go.ke/administration/office-of-the-president/,ACTIVE
26,Mr. Felix K. Koskei,True,False,LOW,97.0,Presidency,,,,Chief of Staff and Head of Public Service,Office of the President,,https://www.president.go.ke/administration/office-of-the-president/,ACTIVE
27,"Hon. Katoo Ole Metito, EGH",True,False,LOW,97.0,Presidency,,,,Statehouse Comptroller,Office of the President,,https://www.president.go.ke/administration/office-of-the-president/,ACTIVE
28,"H.E Prof. Kithure Kindiki, EGH",True,False,LOW,99.0,Presidency,,,,The Deputy President of the Republic of Kenya,Office of the Deputy President,,https://deputypresident.go.ke/leadership,ACTIVE
29,"Dr. Christopher K. Wanjau PhD., MBS",True,False,LOW,95.0,Presidency,,,,Chief of Staff,Office of the Deputy President,,https://deputypresident.go.ke/leadership,ACTIVE
30,"Dr. Idris Salim Dokota, PhD, CBS",True,False,LOW,95.0,Presidency,,,,"Principal Secretary, State Department for Cabinet Affairs",Office of the Deputy President,,https://deputypresident.go.ke/leadership,ACTIVE
31,Mr. Michael Lenasalon,True,False,LOW,95.0,Presidency,,,,"Principal Secretary, State Department for Devolution",Office of the Deputy President,,https://deputypresident.go.ke/leadership,ACTIVE
32,"Mr Moses N. Mbaruku, CBS",True,False,LOW,95.0,Presidency,,,,Principal Administrative Secretary Office of the Deputy President,Office of the Deputy President,,https://deputypresident.go.ke/leadership,ACTIVE
33,"HON KING'OLA PATRICK MAKAU, CBS",True,False,LOW,95.0,National Assembly,WDM,MAVOKO,MACHAKOS,Member of Parliament,National Assembly of Kenya,https://www.parliament.go.ke/the-national-assembly/hon-kingola-patrick-makau-cbs,https://www.parliament.go.ke/the-national-assembly/mps,ACTIVE
34,"HON.  MEJJADONK,  BENJAMIN GATHIRU",True,False,LOW,95.0,National Assembly,UDA,EMBAKASI CENTRAL,NAIROBI,Member of Parliament,National Assembly of Kenya,https://www.parliament.go.ke/the-national-assembly/hon-mejjadonk-benjamin-gathiru,https://www.parliament.go.ke/the-national-assembly/mps,ACTIVE
35,HON. (AMB.) LANGAT BENJAMIN KIPKIRUI,True,False,LOW,95.0,National Assembly,UDA,AINAMOI,KERICHO,Member of Parliament,National Assembly of Kenya,https://www.parliament.go.ke/the-national-assembly/hon-amb-langat-benjamin-kipkirui,https://www.parliament.go.ke/the-national-assembly/mps,ACTIVE
36,"HON. (DR.) AMOLLO PAUL OTIENDE, CS, CBS",True,False,LOW,95.0,National Assembly,ODM,RARIEDA,SIAYA,Member of Parliament,National Assembly of Kenya,https://www.parliament.go.ke/the-national-assembly/hon-dr-amollo-paul-otiende-cs-cbs,https://www.parliament.go.ke/the-national-assembly/mps,ACTIVE
37,HON. (DR.) GICHUKI EDWIN MUGO,True,False,LOW,95.0,National Assembly,UDA,MATHIOYA,MURANGÁ,Member of Parliament,National Assembly of Kenya,https://www.parliament.go.ke/the-national-assembly/hon-dr-gichuki-edwin-mugo,https://www.parliament.go.ke/the-national-assembly/mps,ACTIVE
38,HON. (DR.) JACKSON KIPKEMOI KOSGEI,True,False,LOW,95.0,National Assembly,UDA,,,Member of Parliament,National Assembly of Kenya,https://www.parliament.go.ke/the-national-assembly/hon-dr-jackson-kipkemoi-kosgei,https://www.parliament.go.ke/the-national-assembly/mps,ACTIVE
39,HON. (DR.) MUTUNGA JOHN KANYUITHIA,True,False,LOW,95.0,National Assembly,UDA,TIGANIA WEST,MERU,Member of Parliament,National Assembly of Kenya,https://www.parliament.go.ke/the-national-assembly/hon-dr-mutunga-john-kanyuithia,https://www.parliament.go.ke/the-national-assembly/mps,ACTIVE
40,HON. (DR.) ONCHOKE CHARLES MAMWACHA,True,False,LOW,95.0,National Assembly,UPA,BONCHARI,KISII,Member of Parliament,National Assembly of Kenya,https://www.parliament.go.ke/the-national-assembly/hon-dr-onchoke-charles-mamwacha,https://www.parliament.go.ke/the-national-assembly/mps,ACTIVE
41,HON. (DR.) PUKOSE ROBERT,True,False,LOW,95.0,National Assembly,UDA,ENDEBESS,TRANS NZOIA,Member of Parliament,National Assembly of Kenya,https://www.parliament.go.ke/the-national-assembly/hon-dr-pukose-robert,https://www.parliament.go.ke/the-national-assembly/mps,ACTIVE
42,HON. (ENG.)  NZAMBIA KITHUA THUDDEUS,True,False,LOW,95.0,National Assembly,WDM,KILOME,MAKUENI,Member of Parliament,National Assembly of Kenya,https://www.parliament.go.ke/the-national-assembly/hon-eng-nzambia-kithua-thuddeus,https://www.parliament.go.ke/the-national-assembly/mps?field_name_value=%20&field_parliament_value=2022&field_employment_history_value=&page=1,ACTIVE
43,HON. (PROF.) BARTOO PHYLIS JEPKEMOI,True,False,LOW,95.0,National Assembly,UDA,MOIBEN,UASIN GISHU,Member of Parliament,National Assembly of Kenya,https://www.parliament.go.ke/the-national-assembly/hon-prof-bartoo-phylis-jepkemoi,https://www.parliament.go.ke/the-national-assembly/mps?field_name_value=%20&field_parliament_value=2022&field_employment_history_value=&page=1,ACTIVE
44,HON. ABDI ALI ABDI,True,False,LOW,95.0,National Assembly,NAP-K,IJARA,GARISSA,Member of Parliament,National Assembly of Kenya,https://www.parliament.go.ke/the-national-assembly/hon-abdi-ali-abdi,https://www.parliament.go.ke/the-national-assembly/mps?field_name_value=%20&field_parliament_value=2022&field_employment_history_value=&page=1,ACTIVE
45,HON. ABDI KHAMIS CHOME,True,False,LOW,95.0,National Assembly,WDM,VOI,TAITA TAVETA,Member of Parliament,National Assembly of Kenya,https://www.parliament.go.ke/the-national-assembly/hon-abdi-khamis-chome,https://www.parliament.go.ke/the-national-assembly/mps?field_name_value=%20&field_parliament_value=2022&field_employment_history_value=&page=1,ACTIVE
46,"HON. ABDI, YUSUF HASSAN",True,False,LOW,95.0,National Assembly,JP,KAMKUNJI,NAIROBI,Member of Parliament,National Assembly of Kenya,https://www.parliament.go.ke/the-national-assembly/hon-abdi-yusuf-hassan,https://www.parliament.go.ke/the-national-assembly/mps?field_name_value=%20&field_parliament_value=2022&field_employment_history_value=&page=1,ACTIVE
47,HON. ABDIRAHMAN MOHAMED ABDI,True,False,LOW,95.0,National Assembly,JP,LAFEY,MANDERA,Member of Parliament,National Assembly of Kenya,https://www.parliament.go.ke/the-national-assembly/hon-abdirahman-mohamed-abdi,https://www.parliament.go.ke/the-national-assembly/mps?field_name_value=%20&field_parliament_value=2022&field_employment_history_value=&page=1,ACTIVE
48,"HON. ABDIRAHMAN, HUSSEINWEYTAN MOHAMED",True,False,LOW,95.0,National Assembly,ODM,MANDERA EAST,MANDERA,Member of Parliament,National Assembly of Kenya,https://www.parliament.go.ke/the-national-assembly/hon-abdirahman-hussein-weytan-mohamed,https://www.parliament.go.ke/the-national-assembly/mps?field_name_value=%20&field_parliament_value=2022&field_employment_history_value=&page=1,ACTIVE
49,HON. ABDULLAHI AMINA DIKA,True,False,LOW,95.0,National Assembly,KANU,TANA RIVER,TANA RIVER,Member of Parliament,National Assembly of Kenya,https://www.parliament.go.ke/the-national-assembly/hon-abdullahi-amina-dika,https://www.parliament.go.ke/the-national-assembly/mps?field_name_value=%20&field_parliament_value=2022&field_employment_history_value=&page=1,ACTIVE
50,HON. ABDULLAIH BASHIR SHEIKH,True,False,LOW,95.0,National Assembly,UDM,MANDERA NORTH,MANDERA,Member of Parliament,National Assembly of Kenya,https://www.parliament.go.ke/the-national-assembly/hon-abdullaih-bashir-sheikh,https://www.parliament.go.ke/the-national-assembly/mps?field_name_value=%20&field_parliament_value=2022&field_employment_history_value=&page=1,ACTIVE
51,HON. ABUBAKAR TALIB AHMED,True,False,LOW,95.0,National Assembly,WDM,,,Member of Parliament,National Assembly of Kenya,https://www.parliament.go.ke/the-national-assembly/hon-abubakar-talib-ahmed,https://www.parliament.go.ke/the-national-assembly/mps?field_name_value=%20&field_parliament_value=2022&field_employment_history_value=&page=1,ACTIVE
52,HON. ABUOR PAUL,True,False,LOW,95.0,National Assembly,ODM,RONGO,MIGORI,Member of Parliament,National Assembly of Kenya,https://www.parliament.go.ke/the-national-assembly/hon-abuor-paul-0,https://www.parliament.go.ke/the-national-assembly/mps?field_name_value=%20&field_parliament_value=2022&field_employment_history_value=&page=2,ACTIVE
53,HON. ABURI DONYA DORICE,True,False,LOW,95.0,National Assembly,WDM,KISII,KISII,Member of Parliament,National Assembly of Kenya,https://www.parliament.go.ke/the-national-assembly/hon-aburi-donya-dorice,https://www.parliament.go.ke/the-national-assembly/mps?field_name_value=%20&field_parliament_value=2022&field_employment_history_value=&page=2,ACTIVE
54,"HON. ABURI, LAWRENCE MPURU",True,False,LOW,95.0,National Assembly,NOPEU,TIGANIA EAST,MERU,Member of Parliament,National Assembly of Kenya,https://www.parliament.go.ke/the-national-assembly/hon-aburi-lawrence-mpuru,https://www.parliament.go.ke/the-national-assembly/mps?field_name_value=%20&field_parliament_value=2022&field_employment_history_value=&page=2,ACTIVE
55,"HON. ADAGALA, BEATRICE KAHAI",True,False,LOW,95.0,National Assembly,ANC,VIHIGA,VIHIGA,Member of Parliament,National Assembly of Kenya,https://www.parliament.go.ke/the-national-assembly/hon-adagala-beatrice-kahai,https://www.parliament.go.ke/the-national-assembly/mps?field_name_value=%20&field_parliament_value=2022&field_employment_history_value=&page=2,ACTIVE
56,HON. ADHE WARIO GUYO,True,False,LOW,95.0,National Assembly,KANU,NORTH HORR,MARSABIT,Member of Parliament,National Assembly of Kenya,https://www.parliament.go.ke/the-national-assembly/hon-adhe-wario-guyo,https://www.parliament.go.ke/the-national-assembly/mps?field_name_value=%20&field_parliament_value=2022&field_employment_history_value=&page=2,ACTIVE
57,HON. ADOW ADEN MOHAMMED,True,False,LOW,95.0,National Assembly,ODM,WAJIR SOUTH,WAJIR,Member of Parliament,National Assembly of Kenya,https://www.parliament.go.ke/the-national-assembly/hon-adow-aden-mohammed,https://www.parliament.go.ke/the-national-assembly/mps?field_name_value=%20&field_parliament_value=2022&field_employment_history_value=&page=2,ACTIVE
58,HON. AHMED SHAKEEL AHMED SHABBIR,True,False,LOW,95.0,National Assembly,IND.,KISUMU EAST,KISUMU,Member of Parliament,National Assembly of Kenya,https://www.parliament.go.ke/the-national-assembly/hon-ahmed-shakeel-ahmed-shabbir,https://www.parliament.go.ke/the-national-assembly/mps?field_name_value=%20&field_parliament_value=2022&field_employment_history_value=&page=2,ACTIVE
59,"HON. AKUJAH, PROTUS EWESIT",True,False,LOW,95.0,National Assembly,UDA,LOIMA,TURKANA,Member of Parliament,National Assembly of Kenya,https://www.parliament.go.ke/the-national-assembly/hon-akujah-protus-ewesit,https://www.parliament.go.ke/the-national-assembly/mps?field_name_value=%20&field_parliament_value=2022&field_employment_history_value=&page=2,ACTIVE
60,"HON. ALFAH ONDIEKI MIRUKA, CBS",True,False,LOW,95.0,National Assembly,UDA,BOMACHOGE CHACHE,KISII,Member of Parliament,National Assembly of Kenya,https://www.parliament.go.ke/the-national-assembly/hon-alfah-ondieki-miruka-cbs,https://www.parliament.go.ke/the-national-assembly/mps?field_name_value=%20&field_parliament_value=2022&field_employment_history_value=&page=2,ACTIVE
61,HON. ALI ABDISIRAT KHALIF,True,False,LOW,95.0,National Assembly,UDA,,,Member of Parliament,National Assembly of Kenya,https://www.parliament.go.ke/the-national-assembly/hon-ali-abdisirat-khalif,https://www.parliament.go.ke/the-national-assembly/mps?field_name_value=%20&field_parliament_value=2022&field_employment_history_value=&page=2,ACTIVE
62,"HON. ALIO, AHMED MAALIM HASSAN",True,False,LOW,95.0,National Assembly,UDA,BANISSA,MANDERA,Member of Parliament,National Assembly of Kenya,https://www.parliament.go.ke/the-national-assembly/hon-alio-ahmed-maalim-hassan,https://www.parliament.go.ke/the-national-assembly/mps?field_name_value=%20&field_parliament_value=2022&field_employment_history_value=&page=3,ACTIVE
63,HON. ARAMA SAMUEL,True,False,LOW,95.0,National Assembly,JP,NAKURU TOWN WEST,NAKURU,Member of Parliament,National Assembly of Kenya,https://www.parliament.go.ke/the-national-assembly/hon-arama-samuel,https://www.parliament.go.ke/the-national-assembly/mps?field_name_value=%20&field_parliament_value=2022&field_employment_history_value=&page=3,ACTIVE
64,HON. ARIKO JOHN NAMOIT,True,False,LOW,95.0,National Assembly,ODM,TURKANA SOUTH,TURKANA,Member of Parliament,National Assembly of Kenya,https://www.parliament.go.ke/the-national-assembly/hon-ariko-john-namoit,https://www.parliament.go.ke/the-national-assembly/mps?field_name_value=%20&field_parliament_value=2022&field_employment_history_value=&page=3,ACTIVE
65,"HON. ATANDI SAMUEL ONUNGA, CBS",True,False,LOW,95.0,National Assembly,ODM,ALEGO USONGA,SIAYA,Member of Parliament,National Assembly of Kenya,https://www.parliament.go.ke/the-national-assembly/hon-atandi-samuel-onunga-cbs,https://www.parliament.go.ke/the-national-assembly/mps?field_name_value=%20&field_parliament_value=2022&field_employment_history_value=&page=3,ACTIVE
66,HON. BABU OWINO PAUL ONGILI,True,False,LOW,95.0,National Assembly,ODM,EMBAKASI EAST,NAIROBI,Member of Parliament,National Assembly of Kenya,https://www.parliament.go.ke/the-national-assembly/hon-babu-owino-paul-ongili,https://www.parliament.go.ke/the-national-assembly/mps?field_name_value=%20&field_parliament_value=2022&field_employment_history_value=&page=3,ACTIVE
67,HON. BADY BADY TWALIB,True,False,LOW,95.0,National Assembly,ODM,JOMVU,MOMBASA,Member of Parliament,National Assembly of Kenya,https://www.parliament.go.ke/the-national-assembly/hon-bady-bady-twalib-0,https://www.parliament.go.ke/the-national-assembly/mps?field_name_value=%20&field_parliament_value=2022&field_employment_history_value=&page=3,ACTIVE
68,HON. BARASA PATRICK SIMIYU,True,False,LOW,95.0,National Assembly,DAP-K,CHERANGANY,TRANS NZOIA,Member of Parliament,National Assembly of Kenya,https://www.parliament.go.ke/the-national-assembly/hon-barasa-patrick-simiyu,https://www.parliament.go.ke/the-national-assembly/mps?field_name_value=%20&field_parliament_value=2022&field_employment_history_value=&page=3,ACTIVE
69,HON. BARONGO NOLFASON OBADIAH,True,False,LOW,95.0,National Assembly,ODM,BOMACHOGE BORABU,KISII,Member of Parliament,National Assembly of Kenya,https://www.parliament.go.ke/the-national-assembly/hon-barongo-nolfason-obadiah,https://www.parliament.go.ke/the-national-assembly/mps?field_name_value=%20&field_parliament_value=2022&field_employment_history_value=&page=3,ACTIVE
70,HON. BARRE HUSSEIN ABDI,True,False,LOW,95.0,National Assembly,UDA,TARBAJ,WAJIR,Member of Parliament,National Assembly of Kenya,https://www.parliament.go.ke/the-national-assembly/hon-barre-hussein-abdi,https://www.parliament.go.ke/the-national-assembly/mps?field_name_value=%20&field_parliament_value=2022&field_employment_history_value=&page=3,ACTIVE
71,HON. BASIL ROBERT NGUI,True,False,LOW,95.0,National Assembly,WDM,YATTA,MACHAKOS,Member of Parliament,National Assembly of Kenya,https://www.parliament.go.ke/the-national-assembly/hon-basil-robert-ngui,https://www.parliament.go.ke/the-national-assembly/mps?field_name_value=%20&field_parliament_value=2022&field_employment_history_value=&page=3,ACTIVE
72,HON. BAYA OWEN YAA,True,False,LOW,95.0,National Assembly,UDA,KILIFI NORTH,KILIFI,Member of Parliament,National Assembly of Kenya,https://www.parliament.go.ke/the-national-assembly/hon-baya-owen-yaa,https://www.parliament.go.ke/the-national-assembly/mps?field_name_value=%20&field_parliament_value=2022&field_employment_history_value=&page=4,ACTIVE
73,HON. BEDZIMBA RASHID JUMA,True,False,LOW,95.0,National Assembly,ODM,KISAUNI,MOMBASA,Member of Parliament,National Assembly of Kenya,https://www.parliament.go.ke/the-national-assembly/hon-bedzimba-rashid-juma,https://www.parliament.go.ke/the-national-assembly/mps?field_name_value=%20&field_parliament_value=2022&field_employment_history_value=&page=4,ACTIVE
74,HON. BIEGO PAUL KIBICHIY,True,False,LOW,95.0,National Assembly,UDA,CHESUMEI,NANDI,Member of Parliament,National Assembly of Kenya,https://www.parliament.go.ke/the-national-assembly/hon-biego-paul-kibichiy,https://www.parliament.go.ke/the-national-assembly/mps?field_name_value=%20&field_parliament_value=2022&field_employment_history_value=&page=4,ACTIVE
75,"HON. BISAU, MAURICE KAKAI",True,False,LOW,95.0,National Assembly,DAP-K,KIMININI,TRANS-NZOIA,Member of Parliament,National Assembly of Kenya,https://www.parliament.go.ke/the-national-assembly/hon-bisau-maurice-kakai,https://www.parliament.go.ke/the-national-assembly/mps?field_name_value=%20&field_parliament_value=2022&field_employment_history_value=&page=4,ACTIVE
76,HON. BONAYA MUMINA GOLLO,True,False,LOW,95.0,National Assembly,JP,ISIOLO,ISIOLO,Member of Parliament,National Assembly of Kenya,https://www.parliament.go.ke/the-national-assembly/hon-bonaya-mumina-gollo,https://www.parliament.go.ke/the-national-assembly/mps?field_name_value=%20&field_parliament_value=2022&field_employment_history_value=&page=4,ACTIVE
77,HON. BOSS GLADYS JEPKOSGEI,True,False,LOW,95.0,National Assembly,UDA,UASIN GISHU,UASIN GISHU,Member of Parliament,National Assembly of Kenya,https://www.parliament.go.ke/the-national-assembly/hon-boss-gladys-jepkosgei,https://www.parliament.go.ke/the-national-assembly/mps?field_name_value=%20&field_parliament_value=2022&field_employment_history_value=&page=4,ACTIVE
78,HON. BOWEN DAVID KANGOGO,True,False,LOW,95.0,National Assembly,UDA,MARAKWET EAST,ELGEYO - MARAKWET,Member of Parliament,National Assembly of Kenya,https://www.parliament.go.ke/the-national-assembly/hon-bowen-david-kangogo,https://www.parliament.go.ke/the-national-assembly/mps?field_name_value=%20&field_parliament_value=2022&field_employment_history_value=&page=4,ACTIVE
79,HON. BUSIA RUTH ADHIAMBO ODINGA,True,False,LOW,95.0,National Assembly,ODM,KISUMU,KISUMU,Member of Parliament,National Assembly of Kenya,https://www.parliament.go.ke/the-national-assembly/hon-busia-ruth-adhiambo-odinga,https://www.parliament.go.ke/the-national-assembly/mps?field_name_value=%20&field_parliament_value=2022&field_employment_history_value=&page=4,ACTIVE
80,"HON. BUYU ROZAAH AKINYI, CBS",True,False,LOW,95.0,National Assembly,ODM,KISUMU WEST,KISUMU,Member of Parliament,National Assembly of Kenya,https://www.parliament.go.ke/the-national-assembly/hon-buyu-rozaah-akinyi-cbs,https://www.parliament.go.ke/the-national-assembly/mps?field_name_value=%20&field_parliament_value=2022&field_employment_history_value=&page=4,ACTIVE
81,HON. BWIRE JOHN OKANO,True,False,LOW,95.0,National Assembly,WDM,TAVETA,TAITA TAVETA,Member of Parliament,National Assembly of Kenya,https://www.parliament.go.ke/the-national-assembly/hon-bwire-john-okano,https://www.parliament.go.ke/the-national-assembly/mps?field_name_value=%20&field_parliament_value=2022&field_employment_history_value=&page=4,ACTIVE
82,"HON. CHEBOR, PAUL KIBET",True,False,LOW,95.0,National Assembly,UDA,RONGAI,NAKURU,Member of Parliament,National Assembly of Kenya,https://www.parliament.go.ke/the-national-assembly/hon-chebor-paul-kibet,https://www.parliament.go.ke/the-national-assembly/mps?field_name_value=%20&field_parliament_value=2022&field_employment_history_value=&page=5,ACTIVE
83,HON. CHEGE JOHN KIRAGU,True,False,LOW,95.0,National Assembly,UDA,LIMURU,KIAMBU,Member of Parliament,National Assembly of Kenya,https://www.parliament.go.ke/the-national-assembly/hon-chege-john-kiragu,https://www.parliament.go.ke/the-national-assembly/mps?field_name_value=%20&field_parliament_value=2022&field_employment_history_value=&page=5,ACTIVE
84,HON. CHEGE NJUGUNA,True,False,LOW,95.0,National Assembly,UDA,KANDARA,MURANG'A,Member of Parliament,National Assembly of Kenya,https://www.parliament.go.ke/the-national-assembly/hon-chege-njuguna,https://www.parliament.go.ke/the-national-assembly/mps?field_name_value=%20&field_parliament_value=2022&field_employment_history_value=&page=5,ACTIVE
85,HON. CHEGE SABINA WANJIRU,True,False,LOW,95.0,National Assembly,JP,,,Member of Parliament,National Assembly of Kenya,https://www.parliament.go.ke/the-national-assembly/hon-chege-sabina-wanjiru,https://www.parliament.go.ke/the-national-assembly/mps?field_name_value=%20&field_parliament_value=2022&field_employment_history_value=&page=5,ACTIVE
86,"HON. CHELULE, LIZA CHEPKORIR",True,False,LOW,95.0,National Assembly,UDA,NAKURU,NAKURU,Member of Parliament,National Assembly of Kenya,https://www.parliament.go.ke/the-national-assembly/hon-chelule-liza-chepkorir,https://www.parliament.go.ke/the-national-assembly/mps?field_name_value=%20&field_parliament_value=2022&field_employment_history_value=&page=5,ACTIVE
87,"HON. CHEPKONGA, SAMUEL KIPRONO",True,False,LOW,95.0,National Assembly,UDA,AINABKOI,UASIN GISHU,Member of Parliament,National Assembly of Kenya,https://www.parliament.go.ke/the-national-assembly/hon-chepkonga-samuel-kiprono,https://www.parliament.go.ke/the-national-assembly/mps?field_name_value=%20&field_parliament_value=2022&field_employment_history_value=&page=5,ACTIVE
88,"HON. CHEPKORIR, LINET",True,False,LOW,95.0,National Assembly,UDA,BOMET,BOMET,Member of Parliament,National Assembly of Kenya,https://www.parliament.go.ke/the-national-assembly/hon-chepkorir-linet,https://www.parliament.go.ke/the-national-assembly/mps?field_name_value=%20&field_parliament_value=2022&field_employment_history_value=&page=5,ACTIVE
89,HON. CHEPKWONY  CHARITY KATHAMBI,True,False,LOW,95.0,National Assembly,UDA,NJORO,NAKURU,Member of Parliament,National Assembly of Kenya,https://www.parliament.go.ke/the-national-assembly/hon-chepkwony-charity-kathambi,https://www.parliament.go.ke/the-national-assembly/mps?field_name_value=%20&field_parliament_value=2022&field_employment_history_value=&page=5,ACTIVE
90,HON. CHEROROT JOSEPH KIMUTAI,True,False,LOW,95.0,National Assembly,UDA,KIPKELION EAST,KERICHO,Member of Parliament,National Assembly of Kenya,https://www.parliament.go.ke/the-national-assembly/hon-cherorot-joseph-kimutai,https://www.parliament.go.ke/the-national-assembly/mps?field_name_value=%20&field_parliament_value=2022&field_employment_history_value=&page=5,ACTIVE
91,"HON. CHESEBE FRED KAPONDI, CBS",True,False,LOW,95.0,National Assembly,UDA,MT. ELGON,BUNGOMA,Member of Parliament,National Assembly of Kenya,https://www.parliament.go.ke/the-national-assembly/hon-chesebe-fred-kapondi-cbs,https://www.parliament.go.ke/the-national-assembly/mps?field_name_value=%20&field_parliament_value=2022&field_employment_history_value=&page=5,ACTIVE
92,"HON. CHIFOROMODO, MANGALE MUNGA",True,False,LOW,95.0,National Assembly,UDM,LUNGA LUNGA,KWALE,Member of Parliament,National Assembly of Kenya,https://www.parliament.go.ke/the-national-assembly/hon-chiforomodo-mangale-munga,https://www.parliament.go.ke/the-national-assembly/mps?field_name_value=%20&field_parliament_value=2022&field_employment_history_value=&page=6,ACTIVE
93,HON. CHIKATI JOHN MURUMBA,True,False,LOW,95.0,National Assembly,FORD - K,TONGAREN,BUNGOMA,Member of Parliament,National Assembly of Kenya,https://www.parliament.go.ke/the-national-assembly/hon-dr-chikati-john-murumba,https://www.parliament.go.ke/the-national-assembly/mps?field_name_value=%20&field_parliament_value=2022&field_employment_history_value=&page=6,ACTIVE
94,"HON. CHUMEL, MOROTO SAMWEL",True,False,LOW,95.0,National Assembly,UDA,KAPENGURIA,WEST POKOT,Member of Parliament,National Assembly of Kenya,https://www.parliament.go.ke/the-national-assembly/hon-chumel-moroto-samwel,https://www.parliament.go.ke/the-national-assembly/mps?field_name_value=%20&field_parliament_value=2022&field_employment_history_value=&page=6,ACTIVE
95,HON. CPA GEOFFREY WANDETO,True,False,LOW,95.0,National Assembly,UDA,TETU,NYERI,Member of Parliament,National Assembly of Kenya,https://www.parliament.go.ke/the-national-assembly/hon-cpa-geoffrey-wandeto,https://www.parliament.go.ke/the-national-assembly/mps?field_name_value=%20&field_parliament_value=2022&field_employment_history_value=&page=6,ACTIVE
96,HON. CPA RUTTO JULIUS KIPLETTING,True,False,LOW,95.0,National Assembly,UDA,KESSES,UASIN GISHU,Member of Parliament,National Assembly of Kenya,https://www.parliament.go.ke/the-national-assembly/hon-cpa-rutto-julius-kipletting,https://www.parliament.go.ke/the-national-assembly/mps?field_name_value=%20&field_parliament_value=2022&field_employment_history_value=&page=6,ACTIVE
97,"HON. DAWOOD, ABDUL RAHIM, CBS",True,False,LOW,95.0,National Assembly,IND,NORTH IMENTI,MERU,Member of Parliament,National Assembly of Kenya,https://www.parliament.go.ke/the-national-assembly/hon-dawood-abdul-rahim-cbs,https://www.parliament.go.ke/the-national-assembly/mps?field_name_value=%20&field_parliament_value=2022&field_employment_history_value=&page=6,ACTIVE
98,HON. ELACHI BEATRICE KADEVERESIA,True,False,LOW,95.0,National Assembly,ODM,DAGORETTI NORTH,NAIROBI,Member of Parliament,National Assembly of Kenya,https://www.parliament.go.ke/the-national-assembly/hon-elachi-beatrice-kadeveresia,https://www.parliament.go.ke/the-national-assembly/mps?field_name_value=%20&field_parliament_value=2022&field_employment_history_value=&page=6,ACTIVE
99,HON. ERIC WAMUMBI,True,False,LOW,95.0,National Assembly,UDA,MATHIRA,NYERI,Member of Parliament,National Assembly of Kenya,https://www.parliament.go.ke/the-national-assembly/hon-eric-wamumbi,https://www.parliament.go.ke/the-national-assembly/mps?field_name_value=%20&field_parliament_value=2022&field_employment_history_value=&page=6,ACTIVE
100,HON. FARAH SALAH YAKUB,True,False,LOW,95.0,National Assembly,UDA,FAFI,GARISSA,Member of Parliament,National Assembly of Kenya,https://www.parliament.go.ke/the-national-assembly/hon-farah-salah-yakub,https://www.parliament.go.ke/the-national-assembly/mps?field_name_value=%20&field_parliament_value=2022&field_employment_history_value=&page=6,ACTIVE
101,HON. FARAH YUSSUF MOHAMED,True,False,LOW,95.0,National Assembly,ODM,WAJIR WEST,WAJIR,Member of Parliament,National Assembly of Kenya,https://www.parliament.go.ke/the-national-assembly/hon-farah-yussuf-mohamed,https://www.parliament.go.ke/the-national-assembly/mps?field_name_value=%20&field_parliament_value=2022&field_employment_history_value=&page=6,ACTIVE
102,HON. GACHAGUA GEORGE,True,False,LOW,95.0,National Assembly,UDA,NDARAGWA,NYANDARUA,Member of Parliament,National Assembly of Kenya,https://www.parliament.go.ke/the-national-assembly/hon-gachagua-george,https://www.parliament.go.ke/the-national-assembly/mps?field_name_value=%20&field_parliament_value=2022&field_employment_history_value=&page=7,ACTIVE
103,HON. GACHOBE SAMUEL KINUTHIA,True,False,LOW,95.0,National Assembly,UDA,SUBUKIA,NAKURU,Member of Parliament,National Assembly of Kenya,https://www.parliament.go.ke/the-national-assembly/hon-gachobe-samuel-kinuthia,https://www.parliament.go.ke/the-national-assembly/mps?field_name_value=%20&field_parliament_value=2022&field_employment_history_value=&page=7,ACTIVE
104,HON. GAKUYA JAMES MWANGI,True,False,LOW,95.0,National Assembly,UDA,EMBAKASSI NORTH,NAIROBI,Member of Parliament,National Assembly of Kenya,https://www.parliament.go.ke/the-national-assembly/hon-gakuya-james-mwangi,https://www.parliament.go.ke/the-national-assembly/mps?field_name_value=%20&field_parliament_value=2022&field_employment_history_value=&page=7,ACTIVE
105,"HON. GIKARIA, DAVID",True,False,LOW,95.0,National Assembly,UDA,NAKURU TOWN EAST,NAKURU,Member of Parliament,National Assembly of Kenya,https://www.parliament.go.ke/the-national-assembly/hon-gikaria-david,https://www.parliament.go.ke/the-national-assembly/mps?field_name_value=%20&field_parliament_value=2022&field_employment_history_value=&page=7,ACTIVE
106,"HON. GIMOSE, CHARLES GUMINI",True,False,LOW,95.0,National Assembly,ANC,HAMISI,VIHIGA,Member of Parliament,National Assembly of Kenya,https://www.parliament.go.ke/the-national-assembly/hon-gimose-charles-gumini,https://www.parliament.go.ke/the-national-assembly/mps?field_name_value=%20&field_parliament_value=2022&field_employment_history_value=&page=7,ACTIVE
107,HON. GISAIRO CLIVE OMBANE,True,False,LOW,95.0,National Assembly,ODM,KITUTU MASABA,NYAMIRA,Member of Parliament,National Assembly of Kenya,https://www.parliament.go.ke/the-national-assembly/hon-gisairo-clive-ombane,https://www.parliament.go.ke/the-national-assembly/mps?field_name_value=%20&field_parliament_value=2022&field_employment_history_value=&page=7,ACTIVE
108,"HON. GITARI, JOSEPH GACHOKI",True,False,LOW,95.0,National Assembly,UDA,KIRINYAGA CENTRAL,KIRINYAGA,Member of Parliament,National Assembly of Kenya,https://www.parliament.go.ke/the-national-assembly/hon-gitari-joseph-gachoki,https://www.parliament.go.ke/the-national-assembly/mps?field_name_value=%20&field_parliament_value=2022&field_employment_history_value=&page=7,ACTIVE
109,HON. GITAU FAITH WAIRIMU,True,False,LOW,95.0,National Assembly,UDA,NYANDARUA,NYANDARUA,Member of Parliament,National Assembly of Kenya,https://www.parliament.go.ke/the-national-assembly/hon-gitau-faith-wairimu-0,https://www.parliament.go.ke/the-national-assembly/mps?field_name_value=%20&field_parliament_value=2022&field_employment_history_value=&page=7,ACTIVE
110,"HON. GITHINJI, ROBERT GICHIMU, CBS",True,False,LOW,95.0,National Assembly,UDA,GICHUGU,KIRINYAGA,Member of Parliament,National Assembly of Kenya,https://www.parliament.go.ke/the-national-assembly/hon-githinji-robert-gichimu-cbs,https://www.parliament.go.ke/the-national-assembly/mps?field_name_value=%20&field_parliament_value=2022&field_employment_history_value=&page=7,ACTIVE
111,"HON. GOGO, LILIAN ACHIENG",True,False,LOW,95.0,National Assembly,ODM,RANGWE,HOMA BAY,Member of Parliament,National Assembly of Kenya,https://www.parliament.go.ke/the-national-assembly/hon-gogo-lilian-achieng,https://www.parliament.go.ke/the-national-assembly/mps?field_name_value=%20&field_parliament_value=2022&field_employment_history_value=&page=7,ACTIVE
112,HON. GUYO ALI WARIO,True,False,LOW,95.0,National Assembly,ODM,GARSEN,TANA RIVER,Member of Parliament,National Assembly of Kenya,https://www.parliament.go.ke/the-national-assembly/hon-guyo-ali-wario,https://www.parliament.go.ke/the-national-assembly/mps?field_name_value=%20&field_parliament_value=2022&field_employment_history_value=&page=8,ACTIVE
113,HON. HAMISI KAKUTA MAIMAI,True,False,LOW,95.0,National Assembly,ODM,KAJIADO EAST,KAJIADO,Member of Parliament,National Assembly of Kenya,https://www.parliament.go.ke/the-national-assembly/hon-hamisi-kakuta-maimai,https://www.parliament.go.ke/the-national-assembly/mps?field_name_value=%20&field_parliament_value=2022&field_employment_history_value=&page=8,ACTIVE
114,HON. HARO ABDUL EBRAHIM,True,False,LOW,95.0,National Assembly,UDM,MANDERA SOUTH,MANDERA,Member of Parliament,National Assembly of Kenya,https://www.parliament.go.ke/the-national-assembly/hon-haro-abdul-ebrahim,https://www.parliament.go.ke/the-national-assembly/mps?field_name_value=%20&field_parliament_value=2022&field_employment_history_value=&page=8,ACTIVE
115,HON. HIRIBAE SAID BUYA,True,False,LOW,95.0,National Assembly,ODM,GALOLE,TANA RIVER,Member of Parliament,National Assembly of Kenya,https://www.parliament.go.ke/the-national-assembly/hon-hiribae-said-buya,https://www.parliament.go.ke/the-national-assembly/mps?field_name_value=%20&field_parliament_value=2022&field_employment_history_value=&page=8,ACTIVE
116,HON. ICHUNG’WAH ANTONY KIMANI,True,False,LOW,95.0,National Assembly,UDA,KIKUYU,KIAMBU,Member of Parliament,National Assembly of Kenya,https://www.parliament.go.ke/the-national-assembly/hon-ichungwah-antony-kimani,https://www.parliament.go.ke/the-national-assembly/mps?field_name_value=%20&field_parliament_value=2022&field_employment_history_value=&page=8,ACTIVE
117,HON. IKANA FREDRICK LUSULI,True,False,LOW,95.0,National Assembly,ANC,SHINYALU,KAKAMEGA,Member of Parliament,National Assembly of Kenya,https://www.parliament.go.ke/the-national-assembly/hon-ikana-fredrick-lusuli,https://www.parliament.go.ke/the-national-assembly/mps?field_name_value=%20&field_parliament_value=2022&field_employment_history_value=&page=8,ACTIVE
118,"HON. IKIARA, DOROTHY MUTHONI",True,False,LOW,95.0,National Assembly,UDA,,,Member of Parliament,National Assembly of Kenya,https://www.parliament.go.ke/the-national-assembly/hon-ikiara-dorothy-muthoni,https://www.parliament.go.ke/the-national-assembly/mps?field_name_value=%20&field_parliament_value=2022&field_employment_history_value=&page=8,ACTIVE
119,HON. ITHINJI SHADRACK MWITI,True,False,LOW,95.0,National Assembly,JP,SOUTH IMENTI,MERU,Member of Parliament,National Assembly of Kenya,https://www.parliament.go.ke/the-national-assembly/hon-ithinji-shadrack-mwiti,https://www.parliament.go.ke/the-national-assembly/mps?field_name_value=%20&field_parliament_value=2022&field_employment_history_value=&page=8,ACTIVE
120,HON. JALDESA GUYO WAQO,True,False,LOW,95.0,National Assembly,UPIA,MOYALE,MARSABIT,Member of Parliament,National Assembly of Kenya,https://www.parliament.go.ke/the-national-assembly/hon-jaldesa-guyo-waqo,https://www.parliament.go.ke/the-national-assembly/mps?field_name_value=%20&field_parliament_value=2022&field_employment_history_value=&page=8,ACTIVE
121,HON. JEHOW FATUMA ABDI,True,False,LOW,95.0,National Assembly,ODM,WAJIR,WAJIR,Member of Parliament,National Assembly of Kenya,https://www.parliament.go.ke/the-national-assembly/hon-jehow-fatuma-abdi,https://www.parliament.go.ke/the-national-assembly/mps?field_name_value=%20&field_parliament_value=2022&field_employment_history_value=&page=8,ACTIVE
122,HON. JHANDA ZAHEER,True,False,LOW,95.0,National Assembly,UDA,NYARIBARI CHACHE,KISII,Member of Parliament,National Assembly of Kenya,https://www.parliament.go.ke/the-national-assembly/hon-jhanda-zaheer,https://www.parliament.go.ke/the-national-assembly/mps?field_name_value=%20&field_parliament_value=2022&field_employment_history_value=&page=9,ACTIVE
123,HON. JOSEPH WAINAINA IRAYA,True,False,LOW,95.0,National Assembly,,,,Member of Parliament,National Assembly of Kenya,https://www.parliament.go.ke/the-national-assembly/hon-joseph-wainaina-iraya,https://www.parliament.go.ke/the-national-assembly/mps?field_name_value=%20&field_parliament_value=2022&field_employment_history_value=&page=9,ACTIVE
124,HON. JUNET SHEIKH NUH MOHAMED,True,False,LOW,95.0,National Assembly,,,,Member of Parliament,National Assembly of Kenya,https://www.parliament.go.ke/the-national-assembly/hon-junet-sheikh-nuh-mohamed,https://www.parliament.go.ke/the-national-assembly/mps?field_name_value=%20&field_parliament_value=2022&field_employment_history_value=&page=9,ACTIVE
125,HON. KAGESI ERNEST OGESI KIVAI,True,False,LOW,95.0,National Assembly,ANC,VIHIGA,VIHIGA,Member of Parliament,National Assembly of Kenya,https://www.parliament.go.ke/the-national-assembly/hon-kagesi-ernest-ogesi-kivai,https://www.parliament.go.ke/the-national-assembly/mps?field_name_value=%20&field_parliament_value=2022&field_employment_history_value=&page=9,ACTIVE
126,HON. KAGIRI JANE WANGECHI,True,False,LOW,95.0,National Assembly,UDA,LAIKIPIA,LAIKIPIA,Member of Parliament,National Assembly of Kenya,https://www.parliament.go.ke/the-national-assembly/hon-kagiri-jane-wangechi,https://www.parliament.go.ke/the-national-assembly/mps?field_name_value=%20&field_parliament_value=2022&field_employment_history_value=&page=9,ACTIVE
127,HON. KAGOMBE GABRIEL GATHUKA,True,False,LOW,95.0,National Assembly,UDA,GATUNDU SOUTH,KIAMBU,Member of Parliament,National Assembly of Kenya,https://www.parliament.go.ke/the-national-assembly/hon-kagombe-gabriel-gathuka,https://www.parliament.go.ke/the-national-assembly/mps?field_name_value=%20&field_parliament_value=2022&field_employment_history_value=&page=9,ACTIVE
128,HON. KAGUCHIA JOHN PHILIP GICHOHI,True,False,LOW,95.0,National Assembly,UDA,MUKURWEINI,NYERI,Member of Parliament,National Assembly of Kenya,https://www.parliament.go.ke/the-national-assembly/hon-kaguchia-john-philip-gichohi,https://www.parliament.go.ke/the-national-assembly/mps?field_name_value=%20&field_parliament_value=2022&field_employment_history_value=&page=9,ACTIVE
129,HON. KAHANGARA JOSEPH MBURU,True,False,LOW,95.0,National Assembly,UDA,LARI,KIAMBU,Member of Parliament,National Assembly of Kenya,https://www.parliament.go.ke/the-national-assembly/hon-kahangara-joseph-mburu,https://www.parliament.go.ke/the-national-assembly/mps?field_name_value=%20&field_parliament_value=2022&field_employment_history_value=&page=9,ACTIVE
130,HON. KAILEMIA ELIZABETH KARAMBU,True,False,LOW,95.0,National Assembly,UDA,MERU,MERU,Member of Parliament,National Assembly of Kenya,https://www.parliament.go.ke/the-national-assembly/hon-kailemia-elizabeth-karambu,https://www.parliament.go.ke/the-national-assembly/mps?field_name_value=%20&field_parliament_value=2022&field_employment_history_value=&page=9,ACTIVE
131,"HON. KAJWANG’, FRANCIS TOM JOSEPH",True,False,LOW,95.0,National Assembly,ODM,,,Member of Parliament,National Assembly of Kenya,https://www.parliament.go.ke/the-national-assembly/hon-kajwang-francis-tom-joseph,https://www.parliament.go.ke/the-national-assembly/mps?field_name_value=%20&field_parliament_value=2022&field_employment_history_value=&page=9,ACTIVE
132,HON. KALUMA GEORGE PETER OPONDO,True,False,LOW,95.0,National Assembly,ODM,HOMA BAY TOWN,HOMA BAY,Member of Parliament,National Assembly of Kenya,https://www.parliament.go.ke/the-national-assembly/hon-kaluma-george-peter-opondo,https://www.parliament.go.ke/the-national-assembly/mps?field_name_value=%20&field_parliament_value=2022&field_employment_history_value=&page=10,ACTIVE
133,"HON. KAMAU DOUGLAS, SAMMY, MP",True,False,LOW,95.0,National Assembly,DCP,OL KALOU,NYANDARUA,Member of Parliament,National Assembly of Kenya,https://www.parliament.go.ke/the-national-assembly/hon-kamau-douglas-sammy-mp,https://www.parliament.go.ke/the-national-assembly/mps?field_name_value=%20&field_parliament_value=2022&field_employment_history_value=&page=10,ACTIVE
134,"HON. KAMENE, JOYCE",True,False,LOW,95.0,National Assembly,WDM,MACHAKOS,MACHAKOS,Member of Parliament,National Assembly of Kenya,https://www.parliament.go.ke/the-national-assembly/hon-kamene-joyce,https://www.parliament.go.ke/the-national-assembly/mps?field_name_value=%20&field_parliament_value=2022&field_employment_history_value=&page=10,ACTIVE
135,HON. KAMKET KASSAIT WILLIAM,True,False,LOW,95.0,National Assembly,KANU,TIATY,BARINGO,Member of Parliament,National Assembly of Kenya,https://www.parliament.go.ke/the-national-assembly/hon-kamket-kassait-william-cbs,https://www.parliament.go.ke/the-national-assembly/mps?field_name_value=%20&field_parliament_value=2022&field_employment_history_value=&page=10,ACTIVE
136,"HON. KAMUREN, CHARLES, CBS",True,False,LOW,95.0,National Assembly,UDA,BARINGO SOUTH,BARINGO,Member of Parliament,National Assembly of Kenya,https://www.parliament.go.ke/the-national-assembly/hon-kamuren-charles-cbs,https://www.parliament.go.ke/the-national-assembly/mps?field_name_value=%20&field_parliament_value=2022&field_employment_history_value=&page=10,ACTIVE
137,"HON. KANCHORY, ELIJAH MEMUSI",True,False,LOW,95.0,National Assembly,ODM,KAJIADO CENTRAL,KAJIADO,Member of Parliament,National Assembly of Kenya,https://www.parliament.go.ke/the-national-assembly/hon-kanchory-elijah-memusi,https://www.parliament.go.ke/the-national-assembly/mps?field_name_value=%20&field_parliament_value=2022&field_employment_history_value=&page=10,ACTIVE
138,"HON. KANDIE, JOSHUA CHEPYEGON",True,False,LOW,95.0,National Assembly,UDA,BARINGO CENTRAL,BARINGO,Member of Parliament,National Assembly of Kenya,https://www.parliament.go.ke/the-national-assembly/hon-kandie-joshua-chepyegon,https://www.parliament.go.ke/the-national-assembly/mps?field_name_value=%20&field_parliament_value=2022&field_employment_history_value=&page=10,ACTIVE
139,HON. KARANI STEPHEN WACHIRA,True,False,LOW,95.0,National Assembly,UDA,LAIKIPIA WEST,LAIKIPIA,Member of Parliament,National Assembly of Kenya,https://www.parliament.go.ke/the-national-assembly/hon-dr-karani-stephen-wachira-cbs,https://www.parliament.go.ke/the-national-assembly/mps?field_name_value=%20&field_parliament_value=2022&field_employment_history_value=&page=10,ACTIVE
140,"HON. KARAURI, RONALD KAMWIKO",True,False,LOW,95.0,National Assembly,IND,KASARANI,NAIROBI,Member of Parliament,National Assembly of Kenya,https://www.parliament.go.ke/the-national-assembly/hon-karauri-ronald-kamwiko,https://www.parliament.go.ke/the-national-assembly/mps?field_name_value=%20&field_parliament_value=2022&field_employment_history_value=&page=10,ACTIVE
141,HON. KARIUKI GEORGE MACHARIA,True,False,LOW,95.0,National Assembly,UDA,NDIA,KIRINYAGA,Member of Parliament,National Assembly of Kenya,https://www.parliament.go.ke/the-national-assembly/hon-kariuki-george-macharia,https://www.parliament.go.ke/the-national-assembly/mps?field_name_value=%20&field_parliament_value=2022&field_employment_history_value=&page=10,ACTIVE
142,"HON. KASALU, IRENE MUTHONI",True,False,LOW,95.0,National Assembly,WDM,KITUI,KITUI,Member of Parliament,National Assembly of Kenya,https://www.parliament.go.ke/the-national-assembly/hon-kasalu-irene-muthoni,https://www.parliament.go.ke/the-national-assembly/mps?field_name_value=%20&field_parliament_value=2022&field_employment_history_value=&page=11,ACTIVE
143,HON. KASIWAI RAEL KASIWAI,True,False,LOW,95.0,National Assembly,KUP,WEST POKOT,WEST POKOT,Member of Parliament,National Assembly of Kenya,https://www.parliament.go.ke/the-national-assembly/hon-kasiwai-rael-kasiwai,https://www.parliament.go.ke/the-national-assembly/mps?field_name_value=%20&field_parliament_value=2022&field_employment_history_value=&page=11,ACTIVE
144,HON. KATANA PAUL KAHINDI,True,False,LOW,95.0,National Assembly,ODM,KALOLENI,KILIFI,Member of Parliament,National Assembly of Kenya,https://www.parliament.go.ke/the-national-assembly/hon-katana-paul-kahindi,https://www.parliament.go.ke/the-national-assembly/mps?field_name_value=%20&field_parliament_value=2022&field_employment_history_value=&page=11,ACTIVE
145,HON. KAUNYA EDWARD OKU,True,False,LOW,95.0,National Assembly,ODM,TESO NORTH,BUSIA,Member of Parliament,National Assembly of Kenya,https://www.parliament.go.ke/the-national-assembly/hon-kaunya-edward-oku,https://www.parliament.go.ke/the-national-assembly/mps?field_name_value=%20&field_parliament_value=2022&field_employment_history_value=&page=11,ACTIVE
146,HON. KEMEI JUSTICE KIPSANG,True,False,LOW,95.0,National Assembly,UDA,SIGOWET/SOIN,KERICHO,Member of Parliament,National Assembly of Kenya,https://www.parliament.go.ke/the-national-assembly/hon-kemei-justice-kipsang,https://www.parliament.go.ke/the-national-assembly/mps?field_name_value=%20&field_parliament_value=2022&field_employment_history_value=&page=11,ACTIVE
147,"HON. KEMEI, BEATRICE CHEPNGENO",True,False,LOW,95.0,National Assembly,UDA,KERICHO,KERICHO,Member of Parliament,National Assembly of Kenya,https://www.parliament.go.ke/the-national-assembly/hon-kemei-beatrice-chepngeno,https://www.parliament.go.ke/the-national-assembly/mps?field_name_value=%20&field_parliament_value=2022&field_employment_history_value=&page=11,ACTIVE
148,"HON. KETER, DAVID KIPSANG",True,False,LOW,95.0,National Assembly,UDA,EMURUA DIKIRR,NAROK,Member of Parliament,National Assembly of Kenya,https://www.parliament.go.ke/the-national-assembly/hon-keter-david-kipsang,https://www.parliament.go.ke/the-national-assembly/mps?field_name_value=%20&field_parliament_value=2022&field_employment_history_value=&page=11,ACTIVE
149,"HON. KEYNAN, WEHLIYE ADAN",True,False,LOW,95.0,National Assembly,JP,ELDAS,WAJIR,Member of Parliament,National Assembly of Kenya,https://www.parliament.go.ke/the-national-assembly/hon-keynan-wehliye-adan,https://www.parliament.go.ke/the-national-assembly/mps?field_name_value=%20&field_parliament_value=2022&field_employment_history_value=&page=11,ACTIVE
150,HON. KHAMISI MBOKO MISHI JUMA,True,False,LOW,95.0,National Assembly,ODM,LIKONI,MOMBASA,Member of Parliament,National Assembly of Kenya,https://www.parliament.go.ke/the-national-assembly/hon-khamisi-mboko-mishi-juma,https://www.parliament.go.ke/the-national-assembly/mps?field_name_value=%20&field_parliament_value=2022&field_employment_history_value=&page=11,ACTIVE
151,HON. KHODHE PHELIX ODIWUOR,True,False,LOW,95.0,National Assembly,ODM,LANGATA,NAIROBI,Member of Parliament,National Assembly of Kenya,https://www.parliament.go.ke/the-national-assembly/hon-khodhe-phelix-odiwuor,https://www.parliament.go.ke/the-national-assembly/mps?field_name_value=%20&field_parliament_value=2022&field_employment_history_value=&page=11,ACTIVE
152,HON. KIAMBA SUZANNE NDUNGE,True,False,LOW,95.0,National Assembly,WDM,MAKUENI,MAKUENI,Member of Parliament,National Assembly of Kenya,https://www.parliament.go.ke/the-national-assembly/hon-kiamba-suzanne-ndunge,https://www.parliament.go.ke/the-national-assembly/mps?field_name_value=%20&field_parliament_value=2022&field_employment_history_value=&page=12,ACTIVE
153,"HON. KIBAGENDI, ANTONEY",True,False,LOW,95.0,National Assembly,ODM,KITUTU CHACHE SOUTH,KISII,Member of Parliament,National Assembly of Kenya,https://www.parliament.go.ke/the-national-assembly/hon-kibagendi-antoney,https://www.parliament.go.ke/the-national-assembly/mps?field_name_value=%20&field_parliament_value=2022&field_employment_history_value=&page=12,ACTIVE
154,"HON. KIHARA, JAYNE N.W",True,False,LOW,95.0,National Assembly,UDA,NAIVASHA,NAKURU,Member of Parliament,National Assembly of Kenya,https://www.parliament.go.ke/the-national-assembly/hon-kihara-jayne-nw,https://www.parliament.go.ke/the-national-assembly/mps?field_name_value=%20&field_parliament_value=2022&field_employment_history_value=&page=12,ACTIVE
155,HON. KIHUNGI PETER IRUNGU,True,False,LOW,95.0,National Assembly,UDA,KANGEMA,MURANGA,Member of Parliament,National Assembly of Kenya,https://www.parliament.go.ke/the-national-assembly/hon-kihungi-peter-irungu,https://www.parliament.go.ke/the-national-assembly/mps?field_name_value=%20&field_parliament_value=2022&field_employment_history_value=&page=12,ACTIVE
156,"HON. KILEL, RICHARD CHERUIYOT",True,False,LOW,95.0,National Assembly,UDA,BOMET CENTRAL,BOMET,Member of Parliament,National Assembly of Kenya,https://www.parliament.go.ke/the-national-assembly/hon-kilel-richard-cheruiyot,https://www.parliament.go.ke/the-national-assembly/mps?field_name_value=%20&field_parliament_value=2022&field_employment_history_value=&page=12,ACTIVE
157,"HON. KIMILU, JOSHUA KIVINDA",True,False,LOW,95.0,National Assembly,WDM,KAITI,MAKUENI,Member of Parliament,National Assembly of Kenya,https://www.parliament.go.ke/the-national-assembly/hon-kimilu-joshua-kivinda,https://www.parliament.go.ke/the-national-assembly/mps?field_name_value=%20&field_parliament_value=2022&field_employment_history_value=&page=12,ACTIVE
158,"HON. KINGARA,  SIMON NGANGA",True,False,LOW,95.0,National Assembly,UDA,RUIRU,KIAMBU,Member of Parliament,National Assembly of Kenya,https://www.parliament.go.ke/the-national-assembly/hon-kingara-simon-nganga,https://www.parliament.go.ke/the-national-assembly/mps?field_name_value=%20&field_parliament_value=2022&field_employment_history_value=&page=12,ACTIVE
159,HON. KIPCHUMBA HAROLD KIMUGE,True,False,LOW,95.0,National Assembly,ODM,NOMINATED,NOMINATED,Member of Parliament,National Assembly of Kenya,https://www.parliament.go.ke/the-national-assembly/hon-kipchumba-harold-kimuge,https://www.parliament.go.ke/the-national-assembly/mps?field_name_value=%20&field_parliament_value=2022&field_employment_history_value=&page=12,ACTIVE
160,"HON. KIPKOROS, JOSEPH MAKILAP",True,False,LOW,95.0,National Assembly,UDA,BARINGO NORTH,BARINGO,Member of Parliament,National Assembly of Kenya,https://www.parliament.go.ke/the-national-assembly/hon-kipkoros-joseph-makilap,https://www.parliament.go.ke/the-national-assembly/mps?field_name_value=%20&field_parliament_value=2022&field_employment_history_value=&page=12,ACTIVE
161,HON. KIPLAGAT DAVID,True,False,LOW,95.0,National Assembly,UDA,SOY,UASIN GISHU,Member of Parliament,National Assembly of Kenya,https://www.parliament.go.ke/the-national-assembly/hon-kiplagat-david,https://www.parliament.go.ke/the-national-assembly/mps?field_name_value=%20&field_parliament_value=2022&field_employment_history_value=&page=12,ACTIVE
162,HON. KIRIMA MOSES NGUCHINE,True,False,LOW,95.0,National Assembly,UDA,CENTRAL IMENTI,MERU,Member of Parliament,National Assembly of Kenya,https://www.parliament.go.ke/the-national-assembly/hon-kirima-moses-nguchine,https://www.parliament.go.ke/the-national-assembly/mps?field_name_value=%20&field_parliament_value=2022&field_employment_history_value=&page=13,ACTIVE
163,HON. KIRWA ABRAHAM KIPSANG,True,False,LOW,95.0,National Assembly,UDA,MOSOP,NANDI,Member of Parliament,National Assembly of Kenya,https://www.parliament.go.ke/the-national-assembly/hon-kirwa-abraham-kipsang,https://www.parliament.go.ke/the-national-assembly/mps?field_name_value=%20&field_parliament_value=2022&field_employment_history_value=&page=13,ACTIVE
164,HON. KITANY MARIANNE,True,False,LOW,95.0,National Assembly,UDA,ALDAI,NANDI,Member of Parliament,National Assembly of Kenya,https://www.parliament.go.ke/the-national-assembly/hon-kitany-marianne,https://www.parliament.go.ke/the-national-assembly/mps?field_name_value=%20&field_parliament_value=2022&field_employment_history_value=&page=13,ACTIVE
165,HON. KITI RICHARD KEN CHONGA,True,False,LOW,95.0,National Assembly,ODM,KILIFI SOUTH,KILIFI,Member of Parliament,National Assembly of Kenya,https://www.parliament.go.ke/the-national-assembly/hon-kiti-richard-ken-chonga,https://www.parliament.go.ke/the-national-assembly/mps?field_name_value=%20&field_parliament_value=2022&field_employment_history_value=&page=13,ACTIVE
166,"HON. KITUR, BERNARD KIBOR",True,False,LOW,95.0,National Assembly,UDA,NANDI HILLS,NANDI,Member of Parliament,National Assembly of Kenya,https://www.parliament.go.ke/the-national-assembly/hon-kitur-bernard-kibor,https://www.parliament.go.ke/the-national-assembly/mps?field_name_value=%20&field_parliament_value=2022&field_employment_history_value=&page=13,ACTIVE
167,"HON. KIUNJURI, MWANGI FESTUS",True,False,LOW,95.0,National Assembly,TSP,LAIKIPIA EAST,LAIKIPIA,Member of Parliament,National Assembly of Kenya,https://www.parliament.go.ke/the-national-assembly/hon-kiunjuri-mwangi-festus,https://www.parliament.go.ke/the-national-assembly/mps?field_name_value=%20&field_parliament_value=2022&field_employment_history_value=&page=13,ACTIVE
168,HON. KOECH KIPNGETICH VICTOR,True,False,LOW,95.0,National Assembly,CCM,CHEPALUNGU,BOMET,Member of Parliament,National Assembly of Kenya,https://www.parliament.go.ke/the-national-assembly/hon-koech-kipngetich-victor,https://www.parliament.go.ke/the-national-assembly/mps?field_name_value=%20&field_parliament_value=2022&field_employment_history_value=&page=13,ACTIVE
169,"HON. KOECH, NELSON",True,False,LOW,95.0,National Assembly,UDA,BELGUT,KERICHO,Member of Parliament,National Assembly of Kenya,https://www.parliament.go.ke/the-national-assembly/hon-koech-nelson,https://www.parliament.go.ke/the-national-assembly/mps?field_name_value=%20&field_parliament_value=2022&field_employment_history_value=&page=13,ACTIVE
170,HON. KOMBE HARRISON GARAMA,True,False,LOW,95.0,National Assembly,ODM,MAGARINI,KILIFI,Member of Parliament,National Assembly of Kenya,https://www.parliament.go.ke/the-national-assembly/hon-kombe-harrison-garama,https://www.parliament.go.ke/the-national-assembly/mps?field_name_value=%20&field_parliament_value=2022&field_employment_history_value=&page=13,ACTIVE
171,HON. KOMINGOI KIBET KIRUI,True,False,LOW,95.0,National Assembly,UDA,BURETI,KERICHO,Member of Parliament,National Assembly of Kenya,https://www.parliament.go.ke/the-national-assembly/hon-komingoi-kibet-kirui,https://www.parliament.go.ke/the-national-assembly/mps?field_name_value=%20&field_parliament_value=2022&field_employment_history_value=&page=13,ACTIVE
172,HON. KORERE SARAH PAULATA,True,False,LOW,95.0,National Assembly,JP,LAIKIPIA NORTH,LAIKIPIA,Member of Parliament,National Assembly of Kenya,https://www.parliament.go.ke/the-national-assembly/hon-korere-sarah-paulata,https://www.parliament.go.ke/the-national-assembly/mps?field_name_value=%20&field_parliament_value=2022&field_employment_history_value=&page=14,ACTIVE
173,HON. KORIR ADAMS KIPSANAI,True,False,LOW,95.0,National Assembly,UDA,KEIYO NORTH,ELGEYO - MARAKWET,Member of Parliament,National Assembly of Kenya,https://www.parliament.go.ke/the-national-assembly/hon-korir-adams-kipsanai,https://www.parliament.go.ke/the-national-assembly/mps?field_name_value=%20&field_parliament_value=2022&field_employment_history_value=&page=14,ACTIVE
174,HON. KOSGEI HILARY KIPLANG’AT,True,False,LOW,95.0,National Assembly,UDA,KIPKELION WEST,KERICHO,Member of Parliament,National Assembly of Kenya,https://www.parliament.go.ke/the-national-assembly/hon-kosgei-hilary-kiplangat-0,https://www.parliament.go.ke/the-national-assembly/mps?field_name_value=%20&field_parliament_value=2022&field_employment_history_value=&page=14,ACTIVE
175,"HON. KOYI JOHN WALUKE, CBS",True,False,LOW,95.0,National Assembly,JP,SIRISIA,BUNGOMA,Member of Parliament,National Assembly of Kenya,https://www.parliament.go.ke/the-national-assembly/hon-koyi-john-waluke-cbs,https://www.parliament.go.ke/the-national-assembly/mps?field_name_value=%20&field_parliament_value=2022&field_employment_history_value=&page=14,ACTIVE
176,HON. KUNO YAKUB ADOW,True,False,LOW,95.0,National Assembly,UPIA,BURA,TANA RIVER,Member of Parliament,National Assembly of Kenya,https://www.parliament.go.ke/the-national-assembly/hon-kuno-yakub-adow,https://www.parliament.go.ke/the-national-assembly/mps?field_name_value=%20&field_parliament_value=2022&field_employment_history_value=&page=14,ACTIVE
177,"HON. KUNO, AMINA UDGOON SIYAD",True,False,LOW,95.0,National Assembly,JP,GARISSA,GARISSA,Member of Parliament,National Assembly of Kenya,https://www.parliament.go.ke/the-national-assembly/hon-kuno-amina-udgoon-siyad,https://www.parliament.go.ke/the-national-assembly/mps?field_name_value=%20&field_parliament_value=2022&field_employment_history_value=&page=14,ACTIVE
178,HON. KURURIA ELIJAH NJORE NJOROGE,True,False,LOW,95.0,National Assembly,IND,GATUNDU NORTH,KIAMBU,Member of Parliament,National Assembly of Kenya,https://www.parliament.go.ke/the-national-assembly/hon-kururia-elijah-njore-njoroge,https://www.parliament.go.ke/the-national-assembly/mps?field_name_value=%20&field_parliament_value=2022&field_employment_history_value=&page=14,ACTIVE
179,"HON. LEKUTON JOSEPH, CBS",True,False,LOW,95.0,National Assembly,UDM,LAISAMIS,MARSABIT,Member of Parliament,National Assembly of Kenya,https://www.parliament.go.ke/the-national-assembly/hon-lekuton-joseph-cbs,https://www.parliament.go.ke/the-national-assembly/mps?field_name_value=%20&field_parliament_value=2022&field_employment_history_value=&page=14,ACTIVE
180,"HON. LELMENGIT, JOSSES KIPTOO KOSGEY",True,False,LOW,95.0,National Assembly,UDA,EMGWEN,NANDI,Member of Parliament,National Assembly of Kenya,https://www.parliament.go.ke/the-national-assembly/hon-lelmengit-josses-kiptoo-kosgey,https://www.parliament.go.ke/the-national-assembly/mps?field_name_value=%20&field_parliament_value=2022&field_employment_history_value=&page=14,ACTIVE
181,"HON. LEMANKEN ARAMAT, CBS",True,False,LOW,95.0,National Assembly,UDA,NAROK EAST,NAROK,Member of Parliament,National Assembly of Kenya,https://www.parliament.go.ke/the-national-assembly/hon-lemanken-aramat-cbs,https://www.parliament.go.ke/the-national-assembly/mps?field_name_value=%20&field_parliament_value=2022&field_employment_history_value=&page=14,ACTIVE
182,HON. LENGURIS PAULINE,True,False,LOW,95.0,National Assembly,UDA,SAMBURU,SAMBURU,Member of Parliament,National Assembly of Kenya,https://www.parliament.go.ke/the-national-assembly/hon-lenguris-pauline,https://www.parliament.go.ke/the-national-assembly/mps?field_name_value=%20&field_parliament_value=2022&field_employment_history_value=&page=15,ACTIVE
183,"HON. LENTOIJONI, JACKSON LEKUMONTARE",True,False,LOW,95.0,National Assembly,KANU,SAMBURU EAST,SAMBURU,Member of Parliament,National Assembly of Kenya,https://www.parliament.go.ke/the-national-assembly/hon-lentoijoni-jackson-lekumontare,https://www.parliament.go.ke/the-national-assembly/mps?field_name_value=%20&field_parliament_value=2022&field_employment_history_value=&page=15,ACTIVE
184,"HON. LESUUDA, NAISULA, CBS",True,False,LOW,95.0,National Assembly,KANU,SAMBURU WEST,SAMBURU,Member of Parliament,National Assembly of Kenya,https://www.parliament.go.ke/the-national-assembly/hon-lesuuda-naisula-cbs,https://www.parliament.go.ke/the-national-assembly/mps?field_name_value=%20&field_parliament_value=2022&field_employment_history_value=&page=15,ACTIVE
185,"HON. LETIPILA, DOMINIC ELI",True,False,LOW,95.0,National Assembly,UDA,SAMBURU NORTH,SAMBURU,Member of Parliament,National Assembly of Kenya,https://www.parliament.go.ke/the-national-assembly/hon-letipila-dominic-eli,https://www.parliament.go.ke/the-national-assembly/mps?field_name_value=%20&field_parliament_value=2022&field_employment_history_value=&page=15,ACTIVE
186,"HON. LOCHAKAPONG, PETER",True,False,LOW,95.0,National Assembly,UDA,SIGOR,WEST POKOT,Member of Parliament,National Assembly of Kenya,https://www.parliament.go.ke/the-national-assembly/hon-lochakapong-peter,https://www.parliament.go.ke/the-national-assembly/mps?field_name_value=%20&field_parliament_value=2022&field_employment_history_value=&page=15,ACTIVE
187,HON. LOMWA JOSEPH SAMAL,True,False,LOW,95.0,National Assembly,JP,ISIOLO NORTH,ISIOLO NORTH,Member of Parliament,National Assembly of Kenya,https://www.parliament.go.ke/the-national-assembly/hon-lomwa-joseph-samal,https://www.parliament.go.ke/the-national-assembly/mps?field_name_value=%20&field_parliament_value=2022&field_employment_history_value=&page=15,ACTIVE
188,HON. LOTEE TITUS,True,False,LOW,95.0,National Assembly,KUP,KACHELIBA,WEST POKOT,Member of Parliament,National Assembly of Kenya,https://www.parliament.go.ke/the-national-assembly/hon-lotee-titus,https://www.parliament.go.ke/the-national-assembly/mps?field_name_value=%20&field_parliament_value=2022&field_employment_history_value=&page=15,ACTIVE
189,"HON. LUYAI, CALEB AMISI",True,False,LOW,95.0,National Assembly,ODM,SABOTI,TRANS-NZOIA,Member of Parliament,National Assembly of Kenya,https://www.parliament.go.ke/the-national-assembly/hon-luyai-caleb-amisi,https://www.parliament.go.ke/the-national-assembly/mps?field_name_value=%20&field_parliament_value=2022&field_employment_history_value=&page=15,ACTIVE
190,"HON. MAALIM, FARAH",True,False,LOW,95.0,National Assembly,WDM,DADAAB,GARISSA,Member of Parliament,National Assembly of Kenya,https://www.parliament.go.ke/the-national-assembly/hon-maalim-farah,https://www.parliament.go.ke/the-national-assembly/mps?field_name_value=%20&field_parliament_value=2022&field_employment_history_value=&page=15,ACTIVE
191,HON. MACHELE MOHAMED SOUD,True,False,LOW,95.0,National Assembly,ODM,MVITA,MOMBASA,Member of Parliament,National Assembly of Kenya,https://www.parliament.go.ke/the-national-assembly/hon-machele-mohamed-soud,https://www.parliament.go.ke/the-national-assembly/mps?field_name_value=%20&field_parliament_value=2022&field_employment_history_value=&page=15,ACTIVE
192,HON. MAINA JANE NJERI,True,False,LOW,95.0,National Assembly,UDA,KIRINYAGA,KIRINYAGA,Member of Parliament,National Assembly of Kenya,https://www.parliament.go.ke/the-national-assembly/hon-maina-jane-njeri,https://www.parliament.go.ke/the-national-assembly/mps?field_name_value=%20&field_parliament_value=2022&field_employment_history_value=&page=16,ACTIVE
193,"HON. MAINA, BETTY NJERI",True,False,LOW,95.0,National Assembly,UDA,MURANG’A,MURANG’A,Member of Parliament,National Assembly of Kenya,https://www.parliament.go.ke/the-national-assembly/hon-maina-betty-njeri,https://www.parliament.go.ke/the-national-assembly/mps?field_name_value=%20&field_parliament_value=2022&field_employment_history_value=&page=16,ACTIVE
194,HON. MAINGI MARY,True,False,LOW,95.0,National Assembly,UDA,MWEA,KIRINYAGA,Member of Parliament,National Assembly of Kenya,https://www.parliament.go.ke/the-national-assembly/hon-maingi-mary,https://www.parliament.go.ke/the-national-assembly/mps?field_name_value=%20&field_parliament_value=2022&field_employment_history_value=&page=16,ACTIVE
195,HON. MAISORI MARWA KEMERO KITAYAMA CBS,True,False,LOW,95.0,National Assembly,UDA,KURIA EAST,MIGORI,Member of Parliament,National Assembly of Kenya,https://www.parliament.go.ke/the-national-assembly/hon-maisori-marwa-kemero-kitayama-cbs,https://www.parliament.go.ke/the-national-assembly/mps?field_name_value=%20&field_parliament_value=2022&field_employment_history_value=&page=16,ACTIVE
196,"HON. MAJIMBO, JOSEPH KALASINGA",True,False,LOW,95.0,National Assembly,FORD-K,KABUCHAI,BUNGOMA,Member of Parliament,National Assembly of Kenya,https://www.parliament.go.ke/the-national-assembly/hon-majimbo-joseph-kalasinga-0,https://www.parliament.go.ke/the-national-assembly/mps?field_name_value=%20&field_parliament_value=2022&field_employment_history_value=&page=16,ACTIVE
197,HON. MAKALI JOHN OKWISIA,True,False,LOW,95.0,National Assembly,FORD-K,KANDUYI,BUNGOMA,Member of Parliament,National Assembly of Kenya,https://www.parliament.go.ke/the-national-assembly/hon-makali-john-okwisia,https://www.parliament.go.ke/the-national-assembly/mps?field_name_value=%20&field_parliament_value=2022&field_employment_history_value=&page=16,ACTIVE
198,"HON. MANDUKU, DANIEL OGWOKA",True,False,LOW,95.0,National Assembly,ODM,NYARIBARI MASABA,KISII,Member of Parliament,National Assembly of Kenya,https://www.parliament.go.ke/the-national-assembly/hon-manduku-daniel-ogwoka,https://www.parliament.go.ke/the-national-assembly/mps?field_name_value=%20&field_parliament_value=2022&field_employment_history_value=&page=16,ACTIVE
199,HON. MARUBU MUTHONI MONICAH,True,False,LOW,95.0,National Assembly,IND,LAMU,LAMU,Member of Parliament,National Assembly of Kenya,https://www.parliament.go.ke/the-national-assembly/hon-marubu-muthoni-monicah,https://www.parliament.go.ke/the-national-assembly/mps?field_name_value=%20&field_parliament_value=2022&field_employment_history_value=&page=16,ACTIVE
200,HON. MASARA PETER FRANCIS,True,False,LOW,95.0,National Assembly,ODM,SUNA WEST,MIGORI,Member of Parliament,National Assembly of Kenya,https://www.parliament.go.ke/the-national-assembly/hon-masara-peter-francis-0,https://www.parliament.go.ke/the-national-assembly/mps?field_name_value=%20&field_parliament_value=2022&field_employment_history_value=&page=16,ACTIVE
201,"HON. MASITO, FATUMA HAMISI",True,False,LOW,95.0,National Assembly,ODM,KWALE,KWALE,Member of Parliament,National Assembly of Kenya,https://www.parliament.go.ke/the-national-assembly/hon-masito-fatuma-hamisi,https://www.parliament.go.ke/the-national-assembly/mps?field_name_value=%20&field_parliament_value=2022&field_employment_history_value=&page=16,ACTIVE
202,HON. MATHENGE DUNCAN MAINA,True,False,LOW,95.0,National Assembly,UDA,NYERI TOWN,NYERI,Member of Parliament,National Assembly of Kenya,https://www.parliament.go.ke/the-national-assembly/hon-mathenge-duncan-maina,https://www.parliament.go.ke/the-national-assembly/mps?field_name_value=%20&field_parliament_value=2022&field_employment_history_value=&page=17,ACTIVE
203,HON. MAWATHE JULIUS MUSILI,True,False,LOW,95.0,National Assembly,,,,Member of Parliament,National Assembly of Kenya,https://www.parliament.go.ke/the-national-assembly/hon-mawathe-julius-musili,https://www.parliament.go.ke/the-national-assembly/mps?field_name_value=%20&field_parliament_value=2022&field_employment_history_value=&page=17,ACTIVE
204,HON. MAYAKA IRENE NYAKERARIO,True,False,LOW,95.0,National Assembly,ODM,,,Member of Parliament,National Assembly of Kenya,https://www.parliament.go.ke/the-national-assembly/hon-mayaka-irene-nyakerario,https://www.parliament.go.ke/the-national-assembly/mps?field_name_value=%20&field_parliament_value=2022&field_employment_history_value=&page=17,ACTIVE
205,"HON. MBAI, NIMROD MBITHUKA",True,False,LOW,95.0,National Assembly,UDA,KITUI EAST,KITUI,Member of Parliament,National Assembly of Kenya,https://www.parliament.go.ke/the-national-assembly/hon-mbai-nimrod-mbithuka-0,https://www.parliament.go.ke/the-national-assembly/mps?field_name_value=%20&field_parliament_value=2022&field_employment_history_value=&page=17,ACTIVE
206,HON. MBALU JESSICA NDUKU KIKO,True,False,LOW,95.0,National Assembly,WDM,KIBWEZI EAST,MAKUENI,Member of Parliament,National Assembly of Kenya,https://www.parliament.go.ke/the-national-assembly/hon-mbalu-jessica-nduku-kiko,https://www.parliament.go.ke/the-national-assembly/mps?field_name_value=%20&field_parliament_value=2022&field_employment_history_value=&page=17,ACTIVE
207,"HON. MBONI, DAVID MWALIKA",True,False,LOW,95.0,National Assembly,WDM,KITUI RURAL,KITUI,Member of Parliament,National Assembly of Kenya,https://www.parliament.go.ke/the-national-assembly/hon-mboni-david-mwalika,https://www.parliament.go.ke/the-national-assembly/mps?field_name_value=%20&field_parliament_value=2022&field_employment_history_value=&page=17,ACTIVE
208,"HON. MBUI, ROBERT",True,False,LOW,95.0,National Assembly,WDM,KATHIANI,MACHAKOS,Member of Parliament,National Assembly of Kenya,https://www.parliament.go.ke/the-national-assembly/hon-mbui-robert,https://www.parliament.go.ke/the-national-assembly/mps?field_name_value=%20&field_parliament_value=2022&field_employment_history_value=&page=17,ACTIVE
209,"HON. MELI, JULIUS KIPBIRWOT",True,False,LOW,95.0,National Assembly,UDA,TINDERET,NANDI,Member of Parliament,National Assembly of Kenya,https://www.parliament.go.ke/the-national-assembly/hon-melly-julius-kipbiwott,https://www.parliament.go.ke/the-national-assembly/mps?field_name_value=%20&field_parliament_value=2022&field_employment_history_value=&page=17,ACTIVE
210,HON. MIZIGHI LYDIA HAIKA,True,False,LOW,95.0,National Assembly,UDA,TAITA TAVETA,TAITA TAVETA,Member of Parliament,National Assembly of Kenya,https://www.parliament.go.ke/the-national-assembly/hon-mizighi-lydia-haika,https://www.parliament.go.ke/the-national-assembly/mps?field_name_value=%20&field_parliament_value=2022&field_employment_history_value=&page=17,ACTIVE
211,HON. MNYAZI AMINA LAURA,True,False,LOW,95.0,National Assembly,ODM,MALINDI,KILIFI,Member of Parliament,National Assembly of Kenya,https://www.parliament.go.ke/the-national-assembly/hon-mnyazi-amina-laura,https://www.parliament.go.ke/the-national-assembly/mps?field_name_value=%20&field_parliament_value=2022&field_employment_history_value=&page=17,ACTIVE
212,HON. MOGAKA STEPHEN,True,False,LOW,95.0,National Assembly,JP,WEST MUGIRANGO,NYAMIRA,Member of Parliament,National Assembly of Kenya,https://www.parliament.go.ke/the-national-assembly/hon-mogaka-stephen,https://www.parliament.go.ke/the-national-assembly/mps?field_name_value=%20&field_parliament_value=2022&field_employment_history_value=&page=18,ACTIVE
213,HON. MOHAMED ABDIKADIR HUSSEIN,True,False,LOW,95.0,National Assembly,ODM,LAGDERA,GARISSA,Member of Parliament,National Assembly of Kenya,https://www.parliament.go.ke/the-national-assembly/hon-mohamed-abdikadir-hussein,https://www.parliament.go.ke/the-national-assembly/mps?field_name_value=%20&field_parliament_value=2022&field_employment_history_value=&page=18,ACTIVE
214,HON. MOHAMED ADEN DAUDI,True,False,LOW,95.0,National Assembly,JP,WAJIR EAST,WAJIR,Member of Parliament,National Assembly of Kenya,https://www.parliament.go.ke/the-national-assembly/hon-mohamed-aden-daudi,https://www.parliament.go.ke/the-national-assembly/mps?field_name_value=%20&field_parliament_value=2022&field_employment_history_value=&page=18,ACTIVE
215,HON. MOHAMED MOHAMED ALI,True,False,LOW,95.0,National Assembly,UDA,NYALI,MOMBASA,Member of Parliament,National Assembly of Kenya,https://www.parliament.go.ke/the-national-assembly/hon-mohamed-mohamed-ali-0,https://www.parliament.go.ke/the-national-assembly/mps?field_name_value=%20&field_parliament_value=2022&field_employment_history_value=&page=18,ACTIVE
216,HON. MOHAMED UMULKHER HARUN,True,False,LOW,95.0,National Assembly,ODM,,,Member of Parliament,National Assembly of Kenya,https://www.parliament.go.ke/the-national-assembly/hon-mohamed-umulkher-harun,https://www.parliament.go.ke/the-national-assembly/mps?field_name_value=%20&field_parliament_value=2022&field_employment_history_value=&page=18,ACTIVE
217,HON. MOHAMMED FATUMA ZAINAB,True,False,LOW,95.0,National Assembly,IND,MIGORI,MIGORI,Member of Parliament,National Assembly of Kenya,https://www.parliament.go.ke/the-national-assembly/hon-mohammed-fatuma-zainab,https://www.parliament.go.ke/the-national-assembly/mps?field_name_value=%20&field_parliament_value=2022&field_employment_history_value=&page=18,ACTIVE
218,HON. MOHAMMED ZAMZAM CHIMBA,True,False,LOW,95.0,National Assembly,ODM,MOMBASA,MOMBASA,Member of Parliament,National Assembly of Kenya,https://www.parliament.go.ke/the-national-assembly/hon-mohammed-zamzam-chimba,https://www.parliament.go.ke/the-national-assembly/mps?field_name_value=%20&field_parliament_value=2022&field_employment_history_value=&page=18,ACTIVE
219,HON. MONGINA JERUSHA MOMANYI,True,False,LOW,95.0,National Assembly,JP,NYAMIRA,NYAMIRA,Member of Parliament,National Assembly of Kenya,https://www.parliament.go.ke/the-national-assembly/hon-mongina-jerusha-momanyi,https://www.parliament.go.ke/the-national-assembly/mps?field_name_value=%20&field_parliament_value=2022&field_employment_history_value=&page=18,ACTIVE
220,HON. MREMBO IRENE NJOKI,True,False,LOW,95.0,National Assembly,JP,BAHATI,NAKURU,Member of Parliament,National Assembly of Kenya,https://www.parliament.go.ke/the-national-assembly/hon-mrembo-irene-njoki,https://www.parliament.go.ke/the-national-assembly/mps?field_name_value=%20&field_parliament_value=2022&field_employment_history_value=&page=18,ACTIVE
221,"HON. MUCHANGI KAREMBA, CBS",True,False,LOW,95.0,National Assembly,UDA,RUNYENJES,EMBU,Member of Parliament,National Assembly of Kenya,https://www.parliament.go.ke/the-national-assembly/hon-muchangi-karemba-cbs,https://www.parliament.go.ke/the-national-assembly/mps?field_name_value=%20&field_parliament_value=2022&field_employment_history_value=&page=18,ACTIVE
222,"HON. MUCHIRA, MICHAEL MWANGI",True,False,LOW,95.0,National Assembly,UDA,OL JOROK,NYANDARUA,Member of Parliament,National Assembly of Kenya,https://www.parliament.go.ke/the-national-assembly/hon-muchira-michael-mwangi,https://www.parliament.go.ke/the-national-assembly/mps?field_name_value=%20&field_parliament_value=2022&field_employment_history_value=&page=19,ACTIVE
223,HON. MUGABE INNOCENT MAINO,True,False,LOW,95.0,National Assembly,ODM,LIKUYANI,KAKAMEGA,Member of Parliament,National Assembly of Kenya,https://www.parliament.go.ke/the-national-assembly/hon-mugabe-innocent-maino-0,https://www.parliament.go.ke/the-national-assembly/mps?field_name_value=%20&field_parliament_value=2022&field_employment_history_value=&page=19,ACTIVE
224,HON. MUGE CYNTHIA JEPKOSGEI,True,False,LOW,95.0,National Assembly,UDA,NANDI,NANDI,Member of Parliament,National Assembly of Kenya,https://www.parliament.go.ke/the-national-assembly/hon-muge-cynthia-jepkosgei,https://www.parliament.go.ke/the-national-assembly/mps?field_name_value=%20&field_parliament_value=2022&field_employment_history_value=&page=19,ACTIVE
225,HON. MUHANDA ELSIE BUSIHILE,True,False,LOW,95.0,National Assembly,ODM,KAKAMEGA,KAKAMEGA,Member of Parliament,National Assembly of Kenya,https://www.parliament.go.ke/the-national-assembly/hon-muhanda-elsie-busihile,https://www.parliament.go.ke/the-national-assembly/mps?field_name_value=%20&field_parliament_value=2022&field_employment_history_value=&page=19,ACTIVE
226,HON. MUHIA WANJIKU,True,False,LOW,95.0,National Assembly,UDA,KIPIPIRI,NYANDARUA,Member of Parliament,National Assembly of Kenya,https://www.parliament.go.ke/the-national-assembly/hon-muhia-wanjiku,https://www.parliament.go.ke/the-national-assembly/mps?field_name_value=%20&field_parliament_value=2022&field_employment_history_value=&page=19,ACTIVE
227,HON. MUKHWANA TITUS KHAMALA,True,False,LOW,95.0,National Assembly,ODM,LURAMBI,KAKAMEGA,Member of Parliament,National Assembly of Kenya,https://www.parliament.go.ke/the-national-assembly/hon-mukhwana-titus-khamala,https://www.parliament.go.ke/the-national-assembly/mps?field_name_value=%20&field_parliament_value=2022&field_employment_history_value=&page=19,ACTIVE
228,HON. MUKUNJI JOHN GITONGA MWANIKI,True,False,LOW,95.0,National Assembly,UDA,MANYATTA,EMBU,Member of Parliament,National Assembly of Kenya,https://www.parliament.go.ke/the-national-assembly/hon-mukunji-john-gitonga-mwaniki,https://www.parliament.go.ke/the-national-assembly/mps?field_name_value=%20&field_parliament_value=2022&field_employment_history_value=&page=19,ACTIVE
229,HON. MULANYA EKESA GEOFFREY,True,False,LOW,95.0,National Assembly,IND.,NAMBALE,BUSIA,Member of Parliament,National Assembly of Kenya,https://www.parliament.go.ke/the-national-assembly/hon-mulanya-ekesa-geoffrey,https://www.parliament.go.ke/the-national-assembly/mps?field_name_value=%20&field_parliament_value=2022&field_employment_history_value=&page=19,ACTIVE
230,HON. MULE CALEB MUTISO,True,False,LOW,95.0,National Assembly,MCCP,MACHAKOS TOWN,MACHAKOS,Member of Parliament,National Assembly of Kenya,https://www.parliament.go.ke/the-national-assembly/hon-mule-caleb-mutiso,https://www.parliament.go.ke/the-national-assembly/mps?field_name_value=%20&field_parliament_value=2022&field_employment_history_value=&page=19,ACTIVE
231,HON. MULE STEPHEN MUTINDA,True,False,LOW,95.0,National Assembly,WDM,MATUNGULU,MACHAKOS,Member of Parliament,National Assembly of Kenya,https://www.parliament.go.ke/the-national-assembly/hon-mule-stephen-mutinda,https://www.parliament.go.ke/the-national-assembly/mps?field_name_value=%20&field_parliament_value=2022&field_employment_history_value=&page=19,ACTIVE
232,"HON. MULI FABIAN KYULE, CBS",True,False,LOW,95.0,National Assembly,GDDP,KANGUNDO,MACHAKOS,Member of Parliament,National Assembly of Kenya,https://www.parliament.go.ke/the-national-assembly/hon-muli-fabian-kyule-cbs,https://www.parliament.go.ke/the-national-assembly/mps?field_name_value=%20&field_parliament_value=2022&field_employment_history_value=&page=20,ACTIVE
233,HON. MULU MAKALI,True,False,LOW,95.0,National Assembly,WDM,KITUI CENTRAL,KITUI,Member of Parliament,National Assembly of Kenya,https://www.parliament.go.ke/the-national-assembly/hon-mulu-makali,https://www.parliament.go.ke/the-national-assembly/mps?field_name_value=%20&field_parliament_value=2022&field_employment_history_value=&page=20,ACTIVE
234,"HON. MULYUNGI, GIDEON MUTEMI",True,False,LOW,95.0,National Assembly,WDM,MWINGI CENTRAL,MWINGI,Member of Parliament,National Assembly of Kenya,https://www.parliament.go.ke/the-national-assembly/hon-mulyungi-gideon-mutemi,https://www.parliament.go.ke/the-national-assembly/mps?field_name_value=%20&field_parliament_value=2022&field_employment_history_value=&page=20,ACTIVE
235,"HON. MUMO, ROSE MUSEO",True,False,LOW,95.0,National Assembly,WDM,MAKUENI,MAKUENI,Member of Parliament,National Assembly of Kenya,https://www.parliament.go.ke/the-national-assembly/hon-mumo-rose-museo,https://www.parliament.go.ke/the-national-assembly/mps?field_name_value=%20&field_parliament_value=2022&field_employment_history_value=&page=20,ACTIVE
236,HON. MUNYORO JOSEPH KAMAU,True,False,LOW,95.0,National Assembly,UDA,KIGUMO,MURANG'A,Member of Parliament,National Assembly of Kenya,https://www.parliament.go.ke/the-national-assembly/hon-munyoro-joseph-kamau,https://www.parliament.go.ke/the-national-assembly/mps?field_name_value=%20&field_parliament_value=2022&field_employment_history_value=&page=20,ACTIVE
237,HON. MUPE ANTHONY KENGA,True,False,LOW,95.0,National Assembly,PAA,RABAI,KILIFI,Member of Parliament,National Assembly of Kenya,https://www.parliament.go.ke/the-national-assembly/hon-mupe-anthony-kenga,https://www.parliament.go.ke/the-national-assembly/mps?field_name_value=%20&field_parliament_value=2022&field_employment_history_value=&page=20,ACTIVE
238,HON. MURATHA ANNE WANJIKU MUGO,True,False,LOW,95.0,National Assembly,UDA,KIAMBU,KIAMBU,Member of Parliament,National Assembly of Kenya,https://www.parliament.go.ke/the-national-assembly/hon-muratha-anne-wanjiku-mugo,https://www.parliament.go.ke/the-national-assembly/mps?field_name_value=%20&field_parliament_value=2022&field_employment_history_value=&page=20,ACTIVE
239,HON. MURIU WAKILI EDWARD,True,False,LOW,95.0,National Assembly,UDA,GATANGA,MURANG'A,Member of Parliament,National Assembly of Kenya,https://www.parliament.go.ke/the-national-assembly/hon-muriu-wakili-edward,https://www.parliament.go.ke/the-national-assembly/mps?field_name_value=%20&field_parliament_value=2022&field_employment_history_value=&page=20,ACTIVE
240,HON. MURIUKI NEBART BERNARD,True,False,LOW,95.0,National Assembly,IND,MBEERE SOUTH,EMBU,Member of Parliament,National Assembly of Kenya,https://www.parliament.go.ke/the-national-assembly/hon-muriuki-nebart-bernard,https://www.parliament.go.ke/the-national-assembly/mps?field_name_value=%20&field_parliament_value=2022&field_employment_history_value=&page=20,ACTIVE
241,HON. MURUGARA GEORGE GITONGA,True,False,LOW,95.0,National Assembly,UDA,THARAKA,THARAKA-NITHI,Member of Parliament,National Assembly of Kenya,https://www.parliament.go.ke/the-national-assembly/hon-murugara-george-gitonga,https://www.parliament.go.ke/the-national-assembly/mps?field_name_value=%20&field_parliament_value=2022&field_employment_history_value=&page=20,ACTIVE
242,"HON. MUSAU, VINCENT MUSYOKA",True,False,LOW,95.0,National Assembly,UDA,MWALA,MACHAKOS,Member of Parliament,National Assembly of Kenya,https://www.parliament.go.ke/the-national-assembly/hon-musau-vincent-musyoka,https://www.parliament.go.ke/the-national-assembly/mps?field_name_value=%20&field_parliament_value=2022&field_employment_history_value=&page=21,ACTIVE
243,HON. MUTAI KIPRONOH ALFRED,True,False,LOW,95.0,National Assembly,UDA,KURESOI NORTH,NAKURU,Member of Parliament,National Assembly of Kenya,https://www.parliament.go.ke/the-national-assembly/hon-mutai-kipronoh-alfred,https://www.parliament.go.ke/the-national-assembly/mps?field_name_value=%20&field_parliament_value=2022&field_employment_history_value=&page=21,ACTIVE
244,HON. MUTHAMA STANLEY MUIRURI,True,False,LOW,95.0,National Assembly,JP,LAMU WEST,LAMU,Member of Parliament,National Assembly of Kenya,https://www.parliament.go.ke/the-national-assembly/hon-muthama-stanley-muiruri,https://www.parliament.go.ke/the-national-assembly/mps?field_name_value=%20&field_parliament_value=2022&field_employment_history_value=&page=21,ACTIVE
245,"HON. MUTUA, DIDMUS WEKESA BARASA, CBS",True,False,LOW,95.0,National Assembly,UDA,KIMILILI,BUNGOMA,Member of Parliament,National Assembly of Kenya,https://www.parliament.go.ke/the-national-assembly/hon-mutua-didmus-wekesa-barasa-cbs,https://www.parliament.go.ke/the-national-assembly/mps?field_name_value=%20&field_parliament_value=2022&field_employment_history_value=&page=21,ACTIVE
246,HON. MUTUSE ECKOMAS MWENGI,True,False,LOW,95.0,National Assembly,MCCP,KIBWEZI WEST,MAKUENI,Member of Parliament,National Assembly of Kenya,https://www.parliament.go.ke/the-national-assembly/hon-mutuse-eckomas-mwengi,https://www.parliament.go.ke/the-national-assembly/mps?field_name_value=%20&field_parliament_value=2022&field_employment_history_value=&page=21,ACTIVE
247,HON. MWAFRIKA AUGUSTINE KAMANDE,True,False,LOW,95.0,National Assembly,UDA,ROYSAMBU,NAIROBI,Member of Parliament,National Assembly of Kenya,https://www.parliament.go.ke/the-national-assembly/hon-mwafrika-augustine-kamande,https://www.parliament.go.ke/the-national-assembly/mps?field_name_value=%20&field_parliament_value=2022&field_employment_history_value=&page=21,ACTIVE
248,HON. MWAGO AMOS MAINA,True,False,LOW,95.0,National Assembly,JP,STAREHE,NAIROBI,Member of Parliament,National Assembly of Kenya,https://www.parliament.go.ke/the-national-assembly/hon-mwago-amos-maina,https://www.parliament.go.ke/the-national-assembly/mps?field_name_value=%20&field_parliament_value=2022&field_employment_history_value=&page=21,ACTIVE
249,HON. MWAKUWONA DANSON MWASHAKO,True,False,LOW,95.0,National Assembly,WDM,WUNDANYI,TAITA TAVETA,Member of Parliament,National Assembly of Kenya,https://www.parliament.go.ke/the-national-assembly/hon-mwakuwona-danson-mwashako,https://www.parliament.go.ke/the-national-assembly/mps?field_name_value=%20&field_parliament_value=2022&field_employment_history_value=&page=21,ACTIVE
250,"HON. MWALE NICHOLAS SCOTT TINDI, CBS",True,False,LOW,95.0,National Assembly,ODM,BUTERE,KAKAMEGA,Member of Parliament,National Assembly of Kenya,https://www.parliament.go.ke/the-national-assembly/hon-mwale-nicholas-scott-tindi-cbs,https://www.parliament.go.ke/the-national-assembly/mps?field_name_value=%20&field_parliament_value=2022&field_employment_history_value=&page=21,ACTIVE
251,"HON. MWALYO, JOSHUA MBITHI",True,False,LOW,95.0,National Assembly,IND,MASINGA,MACHAKOS,Member of Parliament,National Assembly of Kenya,https://www.parliament.go.ke/the-national-assembly/hon-mwalyo-joshua-mbithi,https://www.parliament.go.ke/the-national-assembly/mps?field_name_value=%20&field_parliament_value=2022&field_employment_history_value=&page=21,ACTIVE
252,HON. MWANGI TERESIA WANJIRU,True,False,LOW,95.0,National Assembly,,,,Member of Parliament,National Assembly of Kenya,https://www.parliament.go.ke/the-national-assembly/hon-mwangi-teresia-wanjiru,https://www.parliament.go.ke/the-national-assembly/mps?field_name_value=%20&field_parliament_value=2022&field_employment_history_value=&page=22,ACTIVE
253,"HON. MWANYANJE GERTRUDE MBEYU, CBS",True,False,LOW,95.0,National Assembly,ODM,KILIFI,KILIFI,Member of Parliament,National Assembly of Kenya,https://www.parliament.go.ke/the-national-assembly/hon-mwanyanje-gertrude-mbeyu-cbs,https://www.parliament.go.ke/the-national-assembly/mps?field_name_value=%20&field_parliament_value=2022&field_employment_history_value=&page=22,ACTIVE
254,"HON. MWENJE MARK SAMUEL , CBS",True,False,LOW,95.0,National Assembly,JP,EMBAKASI WEST,NAIROBI,Member of Parliament,National Assembly of Kenya,https://www.parliament.go.ke/the-national-assembly/hon-mwenje-mark-samuel-cbs,https://www.parliament.go.ke/the-national-assembly/mps?field_name_value=%20&field_parliament_value=2022&field_employment_history_value=&page=22,ACTIVE
255,HON. MWIRIGI JOHN PAUL,True,False,LOW,95.0,National Assembly,UDA,IGEMBE SOUTH,MERU,Member of Parliament,National Assembly of Kenya,https://www.parliament.go.ke/the-national-assembly/hon-mwirigi-john-paul,https://www.parliament.go.ke/the-national-assembly/mps?field_name_value=%20&field_parliament_value=2022&field_employment_history_value=&page=22,ACTIVE
256,HON. NABII NABWERA DARAJA,True,False,LOW,95.0,National Assembly,ODM,LUGARI,KAKAMEGA,Member of Parliament,National Assembly of Kenya,https://www.parliament.go.ke/the-national-assembly/hon-nabii-nabwera-daraja,https://www.parliament.go.ke/the-national-assembly/mps?field_name_value=%20&field_parliament_value=2022&field_employment_history_value=&page=22,ACTIVE
257,"HON. NABUIN, PAUL EKWOM",True,False,LOW,95.0,National Assembly,ODM,TURKANA NORTH,TURKANA,Member of Parliament,National Assembly of Kenya,https://www.parliament.go.ke/the-national-assembly/hon-nabuin-paul-ekwom,https://www.parliament.go.ke/the-national-assembly/mps?field_name_value=%20&field_parliament_value=2022&field_employment_history_value=&page=22,ACTIVE
258,"HON. NABULINDO, PETER OSCAR",True,False,LOW,95.0,National Assembly,ODM,MATUNGU,KAKAMEGA,Member of Parliament,National Assembly of Kenya,https://www.parliament.go.ke/the-national-assembly/hon-nabulindo-peter-oscar,https://www.parliament.go.ke/the-national-assembly/mps?field_name_value=%20&field_parliament_value=2022&field_employment_history_value=&page=22,ACTIVE
259,"HON. NAICCA JOHNSON MANYA, CBS",True,False,LOW,95.0,National Assembly,ODM,MUMIAS WEST,KAKAMEGA,Member of Parliament,National Assembly of Kenya,https://www.parliament.go.ke/the-national-assembly/hon-naicca-johnson-manya-cbs,https://www.parliament.go.ke/the-national-assembly/mps?field_name_value=%20&field_parliament_value=2022&field_employment_history_value=&page=22,ACTIVE
260,HON. NAMUAR JOSEPH EMATHE,True,False,LOW,95.0,National Assembly,UDA,TURKANA CENTRAL,TURKANA,Member of Parliament,National Assembly of Kenya,https://www.parliament.go.ke/the-national-assembly/hon-namuar-joseph-emathe,https://www.parliament.go.ke/the-national-assembly/mps?field_name_value=%20&field_parliament_value=2022&field_employment_history_value=&page=22,ACTIVE
261,"HON. NANOK, DANIEL EPUYO",True,False,LOW,95.0,National Assembly,UDA,TURKANA WEST,TURKANA,Member of Parliament,National Assembly of Kenya,https://www.parliament.go.ke/the-national-assembly/hon-nanok-daniel-epuyo,https://www.parliament.go.ke/the-national-assembly/mps?field_name_value=%20&field_parliament_value=2022&field_employment_history_value=&page=22,ACTIVE
262,HON. NDAKWA DAVID ATHMAN,True,False,LOW,95.0,National Assembly,UDA,MALAVA,KAKAMEGA,Member of Parliament,National Assembly of Kenya,https://www.parliament.go.ke/the-national-assembly/hon-ndakwa-david-athman,https://www.parliament.go.ke/the-national-assembly/mps?field_name_value=%20&field_parliament_value=2022&field_employment_history_value=&page=23,ACTIVE
263,"HON. NDUNG’U, GEORGE KOIMBURI",True,False,LOW,95.0,National Assembly,UDA,JUJA,KIAMBU,Member of Parliament,National Assembly of Kenya,https://www.parliament.go.ke/the-national-assembly/hon-ndungu-george-koimburi,https://www.parliament.go.ke/the-national-assembly/mps?field_name_value=%20&field_parliament_value=2022&field_employment_history_value=&page=23,ACTIVE
264,HON. NDUYO SUSAN NGUGI,True,False,LOW,95.0,National Assembly,TSP,THARAKA NITHI,THARAKA NITHI,Member of Parliament,National Assembly of Kenya,https://www.parliament.go.ke/the-national-assembly/hon-nduyo-susan-ngugi,https://www.parliament.go.ke/the-national-assembly/mps?field_name_value=%20&field_parliament_value=2022&field_employment_history_value=&page=23,ACTIVE
265,HON. NGANGA ALICE WAMBUI,True,False,LOW,95.0,National Assembly,UDA,THIKA TOWN,KIAMBU,Member of Parliament,National Assembly of Kenya,https://www.parliament.go.ke/the-national-assembly/hon-nganga-alice-wambui,https://www.parliament.go.ke/the-national-assembly/mps?field_name_value=%20&field_parliament_value=2022&field_employment_history_value=&page=23,ACTIVE
266,HON. NGIKOLONG NICHOLAS NGIKOR NIXON,True,False,LOW,95.0,National Assembly,JP,TURKANA EAST,TURKANA,Member of Parliament,National Assembly of Kenya,https://www.parliament.go.ke/the-national-assembly/hon-ngikolong-nicholas-ngikor-nixon,https://www.parliament.go.ke/the-national-assembly/mps?field_name_value=%20&field_parliament_value=2022&field_employment_history_value=&page=23,ACTIVE
267,"HON. NGITIT, CECILIA ASINYEN",True,False,LOW,95.0,National Assembly,UDA,TURKANA,TURKANA,Member of Parliament,National Assembly of Kenya,https://www.parliament.go.ke/the-national-assembly/hon-ngitit-cecilia-asinyen,https://www.parliament.go.ke/the-national-assembly/mps?field_name_value=%20&field_parliament_value=2022&field_employment_history_value=&page=23,ACTIVE
268,"HON. NGUNA, NGUSYA CHARLES",True,False,LOW,95.0,National Assembly,WDM,MWINGI WEST,KITUI,Member of Parliament,National Assembly of Kenya,https://www.parliament.go.ke/the-national-assembly/hon-nguna-ngusya-charles,https://www.parliament.go.ke/the-national-assembly/mps?field_name_value=%20&field_parliament_value=2022&field_employment_history_value=&page=23,ACTIVE
269,HON. NGURO ONESMUS NGOGOYO,True,False,LOW,95.0,National Assembly,UDA,KAJIADO NORTH,KAJIADO,Member of Parliament,National Assembly of Kenya,https://www.parliament.go.ke/the-national-assembly/hon-nguro-onesmus-ngogoyo,https://www.parliament.go.ke/the-national-assembly/mps?field_name_value=%20&field_parliament_value=2022&field_employment_history_value=&page=23,ACTIVE
270,HON. NG’ELECHEI CAROLINE JEPTOO,True,False,LOW,95.0,National Assembly,IND.,ELGEYO MARAKWET,ELGEYO MARAKWET,Member of Parliament,National Assembly of Kenya,https://www.parliament.go.ke/the-national-assembly/hon-ngelechei-caroline-jeptoo,https://www.parliament.go.ke/the-national-assembly/mps?field_name_value=%20&field_parliament_value=2022&field_employment_history_value=&page=23,ACTIVE
271,HON. NJERU PAMELA NJOKI,True,False,LOW,95.0,National Assembly,UDA,EMBU,EMBU,Member of Parliament,National Assembly of Kenya,https://www.parliament.go.ke/the-national-assembly/hon-njeru-pamela-njoki,https://www.parliament.go.ke/the-national-assembly/mps?field_name_value=%20&field_parliament_value=2022&field_employment_history_value=&page=23,ACTIVE
272,"HON. NJERU, LEO WA MUTHENDE",True,False,LOW,95.0,National Assembly,UDA,MBEERE NORTH,EMBU,Member of Parliament,National Assembly of Kenya,https://www.parliament.go.ke/the-national-assembly/hon-njeru-leo-wa-muthende,https://www.parliament.go.ke/the-national-assembly/mps?field_name_value=%20&field_parliament_value=2022&field_employment_history_value=&page=24,ACTIVE
273,HON. NJOROGE MARY WAMAUA WAITHIRA,True,False,LOW,95.0,National Assembly,UDA,MARAGWA,MURANG'A,Member of Parliament,National Assembly of Kenya,https://www.parliament.go.ke/the-national-assembly/hon-njoroge-mary-wamaua-waithira,https://www.parliament.go.ke/the-national-assembly/mps?field_name_value=%20&field_parliament_value=2022&field_employment_history_value=&page=24,ACTIVE
274,HON. NTUTU KITILAI OLE,True,False,LOW,95.0,National Assembly,IND,NAROK SOUTH,NAROK,Member of Parliament,National Assembly of Kenya,https://www.parliament.go.ke/the-national-assembly/hon-ntutu-kitilai-ole,https://www.parliament.go.ke/the-national-assembly/mps?field_name_value=%20&field_parliament_value=2022&field_employment_history_value=&page=24,ACTIVE
275,HON. NTWIGA PATRICK MUNENE,True,False,LOW,95.0,National Assembly,UDA,CHUKA IGAMBANG'OMBE,THARAKA - NITHI,Member of Parliament,National Assembly of Kenya,https://www.parliament.go.ke/the-national-assembly/hon-ntwiga-patrick-munene,https://www.parliament.go.ke/the-national-assembly/mps?field_name_value=%20&field_parliament_value=2022&field_employment_history_value=&page=24,ACTIVE
276,HON. NYAKUNDI JAPHETH MOKAYA,True,False,LOW,95.0,National Assembly,UDA,KITUTU CHACHE NORTH,KISII,Member of Parliament,National Assembly of Kenya,https://www.parliament.go.ke/the-national-assembly/hon-nyakundi-japheth-mokaya,https://www.parliament.go.ke/the-national-assembly/mps?field_name_value=%20&field_parliament_value=2022&field_employment_history_value=&page=24,ACTIVE
277,HON. NYAMAI RACHAEL KAKI,True,False,LOW,95.0,National Assembly,JP,KITUI SOUTH,KITUI,Member of Parliament,National Assembly of Kenya,https://www.parliament.go.ke/the-national-assembly/hon-nyamai-rachael-kaki-0,https://www.parliament.go.ke/the-national-assembly/mps?field_name_value=%20&field_parliament_value=2022&field_employment_history_value=&page=24,ACTIVE
278,HON. NYAMITA MARK OGOLLA,True,False,LOW,95.0,National Assembly,ODM,URIRI,MIGORI,Member of Parliament,National Assembly of Kenya,https://www.parliament.go.ke/the-national-assembly/hon-nyamita-mark-ogolla-0,https://www.parliament.go.ke/the-national-assembly/mps?field_name_value=%20&field_parliament_value=2022&field_employment_history_value=&page=24,ACTIVE
279,"HON. NYAMOKO, JOASH NYAMACHE",True,False,LOW,95.0,National Assembly,UDA,NORTH MUGIRANGO,NYAMIRA,Member of Parliament,National Assembly of Kenya,https://www.parliament.go.ke/the-national-assembly/hon-nyamoko-joash-nyamache-0,https://www.parliament.go.ke/the-national-assembly/mps?field_name_value=%20&field_parliament_value=2022&field_employment_history_value=&page=24,ACTIVE
280,HON. NYENZE EDITH VETHI,True,False,LOW,95.0,National Assembly,WDM,KITUI WEST,KITUI,Member of Parliament,National Assembly of Kenya,https://www.parliament.go.ke/the-national-assembly/hon-nyenze-edith-vethi,https://www.parliament.go.ke/the-national-assembly/mps?field_name_value=%20&field_parliament_value=2022&field_employment_history_value=&page=24,ACTIVE
281,HON. NYIKAL WAMBURA JAMES,True,False,LOW,95.0,National Assembly,ODM,SEME,KISUMU,Member of Parliament,National Assembly of Kenya,https://www.parliament.go.ke/the-national-assembly/hon-nyikal-wambura-james,https://www.parliament.go.ke/the-national-assembly/mps?field_name_value=%20&field_parliament_value=2022&field_employment_history_value=&page=24,ACTIVE
282,"HON. NYORO, SAMSON NDINDI",True,False,LOW,95.0,National Assembly,UDA,KIHARU,MURANG’A,Member of Parliament,National Assembly of Kenya,https://www.parliament.go.ke/the-national-assembly/hon-nyoro-samson-ndindi,https://www.parliament.go.ke/the-national-assembly/mps?field_name_value=%20&field_parliament_value=2022&field_employment_history_value=&page=25,ACTIVE
283,"HON. NZENGU, PAUL MUSYIMI",True,False,LOW,95.0,National Assembly,WDM,MWINGI NORTH,MWINGI,Member of Parliament,National Assembly of Kenya,https://www.parliament.go.ke/the-national-assembly/hon-nzengu-paul-musyimi,https://www.parliament.go.ke/the-national-assembly/mps?field_name_value=%20&field_parliament_value=2022&field_employment_history_value=&page=25,ACTIVE
284,HON. NZIOKA ERASTUS KIVASU,True,False,LOW,95.0,National Assembly,WDM,MBOONI,MAKUENI,Member of Parliament,National Assembly of Kenya,https://www.parliament.go.ke/the-national-assembly/hon-nzioka-erastus-kivasu,https://www.parliament.go.ke/the-national-assembly/mps?field_name_value=%20&field_parliament_value=2022&field_employment_history_value=&page=25,ACTIVE
285,"HON. OBARA EVE AKINYI, CBS",True,False,LOW,95.0,National Assembly,ODM,KABONDO KASIPUL,HOMA BAY,Member of Parliament,National Assembly of Kenya,https://www.parliament.go.ke/the-national-assembly/hon-obara-eve-akinyi-cbs,https://www.parliament.go.ke/the-national-assembly/mps?field_name_value=%20&field_parliament_value=2022&field_employment_history_value=&page=25,ACTIVE
286,"HON. OBIRI, INNOCENT MOMANYI",True,False,LOW,95.0,National Assembly,WDM,BOBASI,KISII,Member of Parliament,National Assembly of Kenya,https://www.parliament.go.ke/the-national-assembly/hon-obiri-innocent-momanyi,https://www.parliament.go.ke/the-national-assembly/mps?field_name_value=%20&field_parliament_value=2022&field_employment_history_value=&page=25,ACTIVE
287,HON. OBO RUWEIDA MOHAMED,True,False,LOW,95.0,National Assembly,JP,LAMU EAST,LAMU,Member of Parliament,National Assembly of Kenya,https://www.parliament.go.ke/the-national-assembly/hon-obo-ruweida-mohamed,https://www.parliament.go.ke/the-national-assembly/mps?field_name_value=%20&field_parliament_value=2022&field_employment_history_value=&page=25,ACTIVE
288,HON. OCHIENG DAVID OUMA,True,False,LOW,95.0,National Assembly,MDG,UGENYA,SIAYA,Member of Parliament,National Assembly of Kenya,https://www.parliament.go.ke/the-national-assembly/hon-ochieng-david-ouma,https://www.parliament.go.ke/the-national-assembly/mps?field_name_value=%20&field_parliament_value=2022&field_employment_history_value=&page=25,ACTIVE
289,"HON. ODANGA, GEOFFREY MAKOKHA",True,False,LOW,95.0,National Assembly,ODM,MATAYOS,BUSIA,Member of Parliament,National Assembly of Kenya,https://www.parliament.go.ke/the-national-assembly/hon-odanga-geoffrey-makokha-0,https://www.parliament.go.ke/the-national-assembly/mps?field_name_value=%20&field_parliament_value=2022&field_employment_history_value=&page=25,ACTIVE
290,HON. ODEGE TOM MBOYA,True,False,LOW,95.0,National Assembly,ODM,NYATIKE,MIGORI,Member of Parliament,National Assembly of Kenya,https://www.parliament.go.ke/the-national-assembly/hon-odege-tom-mboya-0,https://www.parliament.go.ke/the-national-assembly/mps?field_name_value=%20&field_parliament_value=2022&field_employment_history_value=&page=25,ACTIVE
291,"HON. ODHIAMBO, ELISHA OCHIENG",True,False,LOW,95.0,National Assembly,ODM,GEM,SIAYA,Member of Parliament,National Assembly of Kenya,https://www.parliament.go.ke/the-national-assembly/hon-odhiambo-elisha-ochieng-0,https://www.parliament.go.ke/the-national-assembly/mps?field_name_value=%20&field_parliament_value=2022&field_employment_history_value=&page=25,ACTIVE
292,"HON. ODHIAMBO, MILLIE GRACE AKOTH",True,False,LOW,95.0,National Assembly,,SUBA NORTH,HOMA BAY,Member of Parliament,National Assembly of Kenya,https://www.parliament.go.ke/the-national-assembly/hon-odhiambo-millie-grace-akoth-0,https://www.parliament.go.ke/the-national-assembly/mps?field_name_value=%20&field_parliament_value=2022&field_employment_history_value=&page=26,ACTIVE
293,HON. OGOLLA. GIDEON OCHANDA,True,False,LOW,95.0,National Assembly,ODM,BONDO,SIAYA,Member of Parliament,National Assembly of Kenya,https://www.parliament.go.ke/the-national-assembly/hon-dr-ogolla-gideon-ochanda,https://www.parliament.go.ke/the-national-assembly/mps?field_name_value=%20&field_parliament_value=2022&field_employment_history_value=&page=26,ACTIVE
294,"HON. OKELO, JARED ODOYO",True,False,LOW,95.0,National Assembly,ODM,NYANDO,KISUMU,Member of Parliament,National Assembly of Kenya,https://www.parliament.go.ke/the-national-assembly/hon-okello-jared-odoyo,https://www.parliament.go.ke/the-national-assembly/mps?field_name_value=%20&field_parliament_value=2022&field_employment_history_value=&page=26,ACTIVE
295,HON. OKUOME ADIPO ANDREW,True,False,LOW,95.0,National Assembly,ODM,KARACHUONYO,HOMA BAY,Member of Parliament,National Assembly of Kenya,https://www.parliament.go.ke/the-national-assembly/hon-okuome-adipo-andrew,https://www.parliament.go.ke/the-national-assembly/mps?field_name_value=%20&field_parliament_value=2022&field_employment_history_value=&page=26,ACTIVE
296,"HON. OLUOCH, ANTHONY TOM",True,False,LOW,95.0,National Assembly,ODM,MATHARE,NAIROBI,Member of Parliament,National Assembly of Kenya,https://www.parliament.go.ke/the-national-assembly/hon-oluoch-anthony-tom-0,https://www.parliament.go.ke/the-national-assembly/mps?field_name_value=%20&field_parliament_value=2022&field_employment_history_value=&page=26,ACTIVE
297,"HON. OMANYO, CATHERINE NAKHABI",True,False,LOW,95.0,National Assembly,ODM,BUSIA,BUSIA,Member of Parliament,National Assembly of Kenya,https://www.parliament.go.ke/the-national-assembly/hon-omanyo-catherine-nakhabi,https://www.parliament.go.ke/the-national-assembly/mps?field_name_value=%20&field_parliament_value=2022&field_employment_history_value=&page=26,ACTIVE
298,"HON. OMBAKA ODUOR CHRISTINE, CBS",True,False,LOW,95.0,National Assembly,ODM,SIAYA,SIAYA,Member of Parliament,National Assembly of Kenya,https://www.parliament.go.ke/the-national-assembly/hon-ombaka-oduor-christine-cbs,https://www.parliament.go.ke/the-national-assembly/mps?field_name_value=%20&field_parliament_value=2022&field_employment_history_value=&page=26,ACTIVE
299,HON. OMBOKO MILEMBA,True,False,LOW,95.0,National Assembly,,EMUHAYA,VIHIGA,Member of Parliament,National Assembly of Kenya,https://www.parliament.go.ke/the-national-assembly/hon-omboko-milemba,https://www.parliament.go.ke/the-national-assembly/mps?field_name_value=%20&field_parliament_value=2022&field_employment_history_value=&page=26,ACTIVE
300,HON. OMONDI CAROLI,True,False,LOW,95.0,National Assembly,ODM | Azimio La Umoja One Kenya Coalition,SUBA SOUTH,HOMA BAY,Member of Parliament,National Assembly of Kenya,https://www.parliament.go.ke/the-national-assembly/hon-omondi-caroli,https://www.parliament.go.ke/the-national-assembly/mps?field_name_value=%20&field_parliament_value=2022&field_employment_history_value=&page=26,ACTIVE
301,"HON. OMONDI, MOSES OKOTH",True,False,LOW,95.0,National Assembly,ODM,UGUNJA,SIAYA,Member of Parliament,National Assembly of Kenya,https://www.parliament.go.ke/the-national-assembly/hon-omondi-moses-okoth,https://www.parliament.go.ke/the-national-assembly/mps?field_name_value=%20&field_parliament_value=2022&field_employment_history_value=&page=26,ACTIVE
302,HON. OMWERA GEORGE ALDWA,True,False,LOW,95.0,National Assembly,ODM,MAKADARA,NAIROBI,Member of Parliament,National Assembly of Kenya,https://www.parliament.go.ke/the-national-assembly/hon-omwera-george-aladwa-1,https://www.parliament.go.ke/the-national-assembly/mps?field_name_value=%20&field_parliament_value=2022&field_employment_history_value=&page=27,ACTIVE
303,"HON. ONG’ONDO, BOYD WERE",True,False,LOW,95.0,National Assembly,ODM,KASIPUL,HOMA BAY,Member of Parliament,National Assembly of Kenya,https://www.parliament.go.ke/the-national-assembly/hon-ongondo-boyd-were,https://www.parliament.go.ke/the-national-assembly/mps?field_name_value=%20&field_parliament_value=2022&field_employment_history_value=&page=27,ACTIVE
304,"HON. ONYIEGO, SILVANUS OSORO",True,False,LOW,95.0,National Assembly,UDA,SOUTH MUGIRANGO,KISII,Member of Parliament,National Assembly of Kenya,https://www.parliament.go.ke/the-national-assembly/hon-onyiego-silvanus-osoro-0,https://www.parliament.go.ke/the-national-assembly/mps?field_name_value=%20&field_parliament_value=2022&field_employment_history_value=&page=27,ACTIVE
305,"HON. ORERO, PETER OCHIENG",True,False,LOW,95.0,National Assembly,ODM,KIBRA,NAIROBI,Member of Parliament,National Assembly of Kenya,https://www.parliament.go.ke/the-national-assembly/hon-orero-peter-ochieng,https://www.parliament.go.ke/the-national-assembly/mps?field_name_value=%20&field_parliament_value=2022&field_employment_history_value=&page=27,ACTIVE
306,HON. ORON JOSHUA ODONGO,True,False,LOW,95.0,National Assembly,ODM,KISUMU CENTRAL,KISUMU,Member of Parliament,National Assembly of Kenya,https://www.parliament.go.ke/the-national-assembly/hon-oron-joshua-odongo,https://www.parliament.go.ke/the-national-assembly/mps?field_name_value=%20&field_parliament_value=2022&field_employment_history_value=&page=27,ACTIVE
307,HON. OSERO PATRICK,True,False,LOW,95.0,National Assembly,ODM,BORABU,NYAMIRA COUNTY,Member of Parliament,National Assembly of Kenya,https://www.parliament.go.ke/the-national-assembly/hon-osero-patrick,https://www.parliament.go.ke/the-national-assembly/mps?field_name_value=%20&field_parliament_value=2022&field_employment_history_value=&page=27,ACTIVE
308,HON. OSOGO JOYCE ATIENO BENSUDA,True,False,LOW,95.0,National Assembly,ODM,HOMA BAY,HOMA BAY,Member of Parliament,National Assembly of Kenya,https://www.parliament.go.ke/the-national-assembly/hon-osogo-joyce-atieno-bensuda,https://www.parliament.go.ke/the-national-assembly/mps?field_name_value=%20&field_parliament_value=2022&field_employment_history_value=&page=27,ACTIVE
309,"HON. OTUCHO, MARY EMAASE",True,False,LOW,95.0,National Assembly,UDA,TESO SOUTH,BUSIA,Member of Parliament,National Assembly of Kenya,https://www.parliament.go.ke/the-national-assembly/hon-otucho-mary-emaase,https://www.parliament.go.ke/the-national-assembly/mps?field_name_value=%20&field_parliament_value=2022&field_employment_history_value=&page=27,ACTIVE
310,"HON. OUNDO, WILBERFORCE OJIAMBO",True,False,LOW,95.0,National Assembly,ODM,FUNYULA,BUSIA,Member of Parliament,National Assembly of Kenya,https://www.parliament.go.ke/the-national-assembly/hon-dr-oundo-wilberforce-ojiambo,https://www.parliament.go.ke/the-national-assembly/mps?field_name_value=%20&field_parliament_value=2022&field_employment_history_value=&page=27,ACTIVE
311,HON. OWINO JOHN WALTER,True,False,LOW,95.0,National Assembly,ODM,AWENDO,MIGORI,Member of Parliament,National Assembly of Kenya,https://www.parliament.go.ke/the-national-assembly/hon-owino-john-walter-0,https://www.parliament.go.ke/the-national-assembly/mps?field_name_value=%20&field_parliament_value=2022&field_employment_history_value=&page=27,ACTIVE
312,"HON. OWINO, MARTIN PETERS",True,False,LOW,95.0,National Assembly,ODM,NDHIWA,HOMA BAY,Member of Parliament,National Assembly of Kenya,https://www.parliament.go.ke/the-national-assembly/hon-owino-martin-peters-0,https://www.parliament.go.ke/the-national-assembly/mps?field_name_value=%20&field_parliament_value=2022&field_employment_history_value=&page=28,ACTIVE
313,"HON. OWUOR, JOSHUA ADUMA",True,False,LOW,95.0,National Assembly,ODM,NYAKACH,KISUMU,Member of Parliament,National Assembly of Kenya,https://www.parliament.go.ke/the-national-assembly/hon-owuor-joshua-aduma-0,https://www.parliament.go.ke/the-national-assembly/mps?field_name_value=%20&field_parliament_value=2022&field_employment_history_value=&page=28,ACTIVE
314,"HON. OYOO, JAMES ONYANGO",True,False,LOW,95.0,National Assembly,ODM,MUHORONI,KISUMU,Member of Parliament,National Assembly of Kenya,https://www.parliament.go.ke/the-national-assembly/hon-oyoo-james-onyango-0,https://www.parliament.go.ke/the-national-assembly/mps?field_name_value=%20&field_parliament_value=2022&field_employment_history_value=&page=28,ACTIVE
315,"HON. OYUGI, DICK MAUNGU",True,False,LOW,95.0,National Assembly,DAP-K,LUANDA,VIHIGA,Member of Parliament,National Assembly of Kenya,https://www.parliament.go.ke/the-national-assembly/hon-oyugi-dick-maungu,https://www.parliament.go.ke/the-national-assembly/mps?field_name_value=%20&field_parliament_value=2022&field_employment_history_value=&page=28,ACTIVE
316,"HON. OYULA, JOSEPH H. MAERO",True,False,LOW,95.0,National Assembly,ODM,BUTULA,BUNGOMA,Member of Parliament,National Assembly of Kenya,https://www.parliament.go.ke/the-national-assembly/hon-oyula-joseph-h-maero-0,https://www.parliament.go.ke/the-national-assembly/mps?field_name_value=%20&field_parliament_value=2022&field_employment_history_value=&page=28,ACTIVE
317,HON. PARASHINA SAMUEL SAKIMBA,True,False,LOW,95.0,National Assembly,ODM,KAJIADO SOUTH,KAJIADO,Member of Parliament,National Assembly of Kenya,https://www.parliament.go.ke/the-national-assembly/hon-parashina-samuel-sakimba,https://www.parliament.go.ke/the-national-assembly/mps?field_name_value=%20&field_parliament_value=2022&field_employment_history_value=&page=28,ACTIVE
318,HON. PAREYIO MANTAINE AGNES,True,False,LOW,95.0,National Assembly,JP,NAROK NORTH,NAROK,Member of Parliament,National Assembly of Kenya,https://www.parliament.go.ke/the-national-assembly/hon-pareyio-mantaine-agnes,https://www.parliament.go.ke/the-national-assembly/mps?field_name_value=%20&field_parliament_value=2022&field_employment_history_value=&page=28,ACTIVE
319,HON. PASSARIS ESTHER MUTHONI,True,False,LOW,95.0,National Assembly,ODM,NAIROBI,NAIROBI,Member of Parliament,National Assembly of Kenya,https://www.parliament.go.ke/the-national-assembly/hon-passaris-esther-muthoni,https://www.parliament.go.ke/the-national-assembly/mps?field_name_value=%20&field_parliament_value=2022&field_employment_history_value=&page=28,ACTIVE
320,"HON. PKOSING, DAVID",True,False,LOW,95.0,National Assembly,KUP,POKOT SOUTH,POKOT,Member of Parliament,National Assembly of Kenya,https://www.parliament.go.ke/the-national-assembly/hon-pkosing-david-losiakou-0,https://www.parliament.go.ke/the-national-assembly/mps?field_name_value=%20&field_parliament_value=2022&field_employment_history_value=&page=28,ACTIVE
321,HON. RAI SAMUEL GONZI,True,False,LOW,95.0,National Assembly,PAA,KINANGO,KWALE,Member of Parliament,National Assembly of Kenya,https://www.parliament.go.ke/the-national-assembly/hon-rai-samuel-gonzi,https://www.parliament.go.ke/the-national-assembly/mps?field_name_value=%20&field_parliament_value=2022&field_employment_history_value=&page=28,ACTIVE
323,"HON. RASSO, COL (RTD) DIDO ALI. CBS",True,False,LOW,95.0,National Assembly,UDA,SAKU,MARSABIT,Member of Parliament,National Assembly of Kenya,https://www.parliament.go.ke/the-national-assembly/hon-rasso-col-rtd-dido-ali-cbs,https://www.parliament.go.ke/the-national-assembly/mps?field_name_value=%20&field_parliament_value=2022&field_employment_history_value=&page=29,ACTIVE
324,HON. REUBEN KIBOREK,True,False,LOW,95.0,National Assembly,UDA,Mogotio,,Member of Parliament,National Assembly of Kenya,https://www.parliament.go.ke/the-national-assembly/hon-reuben-kiborek,https://www.parliament.go.ke/the-national-assembly/mps?field_name_value=%20&field_parliament_value=2022&field_employment_history_value=&page=29,ACTIVE
325,"HON. ROBI, MATHIAS NYAMABE",True,False,LOW,95.0,National Assembly,UDA,KURIA WEST,MIGORI,Member of Parliament,National Assembly of Kenya,https://www.parliament.go.ke/the-national-assembly/hon-robi-mathias-nyamabe-0,https://www.parliament.go.ke/the-national-assembly/mps?field_name_value=%20&field_parliament_value=2022&field_employment_history_value=&page=29,ACTIVE
326,HON. SALASYA PETER KALERWA,True,False,LOW,95.0,National Assembly,DAP-K,MUMIAS EAST,KAKAMEGA,Member of Parliament,National Assembly of Kenya,https://www.parliament.go.ke/the-national-assembly/hon-salasya-peter-kalerwa,https://www.parliament.go.ke/the-national-assembly/mps?field_name_value=%20&field_parliament_value=2022&field_employment_history_value=&page=29,ACTIVE
327,HON. SALIM FEISAL ABDALLAH BADER,True,False,LOW,95.0,National Assembly,UDA,MSAMBWENI,KWALE,Member of Parliament,National Assembly of Kenya,https://www.parliament.go.ke/the-national-assembly/hon-salim-feisal-abdallah-bader,https://www.parliament.go.ke/the-national-assembly/mps?field_name_value=%20&field_parliament_value=2022&field_employment_history_value=&page=29,ACTIVE
328,HON. SANEY IBRAHIM ADBI,True,False,LOW,95.0,National Assembly,UDA,WAJIR NORTH,WAJIR,Member of Parliament,National Assembly of Kenya,https://www.parliament.go.ke/the-national-assembly/hon-saney-ibrahim-adbi,https://www.parliament.go.ke/the-national-assembly/mps?field_name_value=%20&field_parliament_value=2022&field_employment_history_value=&page=29,ACTIVE
329,HON. SANKAIRE LEAH SOPIATO,True,False,LOW,95.0,National Assembly,UDA,KAJIADO,KAJIADO,Member of Parliament,National Assembly of Kenya,https://www.parliament.go.ke/the-national-assembly/hon-sankaire-leah-sopiato,https://www.parliament.go.ke/the-national-assembly/mps?field_name_value=%20&field_parliament_value=2022&field_employment_history_value=&page=29,ACTIVE
330,"HON. SERGON, JEMATIAH FLOWRENCE",True,False,LOW,95.0,National Assembly,UDA,BARINGO,BARINGO,Member of Parliament,National Assembly of Kenya,https://www.parliament.go.ke/the-national-assembly/hon-sergon-jematiah-flowrence,https://www.parliament.go.ke/the-national-assembly/mps?field_name_value=%20&field_parliament_value=2022&field_employment_history_value=&page=29,ACTIVE
331,HON. SHAKE MBOGHO PETER,True,False,LOW,95.0,National Assembly,JP,MWATATE,TAITA TAVETA,Member of Parliament,National Assembly of Kenya,https://www.parliament.go.ke/the-national-assembly/hon-shake-mbogho-peter,https://www.parliament.go.ke/the-national-assembly/mps?field_name_value=%20&field_parliament_value=2022&field_employment_history_value=&page=29,ACTIVE
332,HON. SHEIKH UMUL KER KASSIM,True,False,LOW,95.0,National Assembly,UDM,MANDERA,MANDERA,Member of Parliament,National Assembly of Kenya,https://www.parliament.go.ke/the-national-assembly/hon-sheikh-umul-ker-kassim,https://www.parliament.go.ke/the-national-assembly/mps?field_name_value=%20&field_parliament_value=2022&field_employment_history_value=&page=30,ACTIVE
333,HON. SHIMBWA OMAR MWINYI,True,False,LOW,95.0,National Assembly,ODM,CHANGAMWE,MOMBASA,Member of Parliament,National Assembly of Kenya,https://www.parliament.go.ke/the-national-assembly/hon-shimbwa-omar-mwinyi-0,https://www.parliament.go.ke/the-national-assembly/mps?field_name_value=%20&field_parliament_value=2022&field_employment_history_value=&page=30,ACTIVE
334,"HON. SHINALI BERNARD MASAKA, CBS",True,False,LOW,95.0,National Assembly,ODM,IKOLOMANI,KAKAMEGA,Member of Parliament,National Assembly of Kenya,https://www.parliament.go.ke/the-national-assembly/hon-shinali-bernard-masaka-cbs,https://www.parliament.go.ke/the-national-assembly/mps?field_name_value=%20&field_parliament_value=2022&field_employment_history_value=&page=30,ACTIVE
335,HON. SHURIE ABDI OMAR,True,False,LOW,95.0,National Assembly,JP,BALAMBALA,GARISSA,Member of Parliament,National Assembly of Kenya,https://www.parliament.go.ke/the-national-assembly/hon-shurie-abdi-omar-0,https://www.parliament.go.ke/the-national-assembly/mps?field_name_value=%20&field_parliament_value=2022&field_employment_history_value=&page=30,ACTIVE
336,"HON. SIGEI, FRANCIS KIPYEGON ARAP",True,False,LOW,95.0,National Assembly,UDA,SOTIK,BOMET,Member of Parliament,National Assembly of Kenya,https://www.parliament.go.ke/the-national-assembly/hon-sigei-francis-kipyegon-arap,https://www.parliament.go.ke/the-national-assembly/mps?field_name_value=%20&field_parliament_value=2022&field_employment_history_value=&page=30,ACTIVE
337,"HON. SIRMA, MUSA CHERUTICH",True,False,LOW,95.0,National Assembly,UDA,ELDAMA RAVINE,BARINGO,Member of Parliament,National Assembly of Kenya,https://www.parliament.go.ke/the-national-assembly/hon-sirma-musa-cherutich,https://www.parliament.go.ke/the-national-assembly/mps?field_name_value=%20&field_parliament_value=2022&field_employment_history_value=&page=30,ACTIVE
338,HON. SITATI DANIEL WANYAMA,True,False,LOW,95.0,National Assembly,UDA,WEBUYE WEST,BUNGOMA,Member of Parliament,National Assembly of Kenya,https://www.parliament.go.ke/the-national-assembly/hon-sitati-daniel-wanyama-0,https://www.parliament.go.ke/the-national-assembly/mps?field_name_value=%20&field_parliament_value=2022&field_employment_history_value=&page=30,ACTIVE
339,"HON. SITIENEI, JANET JEPKEMBOI",True,False,LOW,95.0,National Assembly,UDA,TURBO,UASIN GISHU,Member of Parliament,National Assembly of Kenya,https://www.parliament.go.ke/the-national-assembly/hon-sitienei-janet-jepkemboi-0,https://www.parliament.go.ke/the-national-assembly/mps?field_name_value=%20&field_parliament_value=2022&field_employment_history_value=&page=30,ACTIVE
340,HON. SIYOI LILLIAN CHEBET,True,False,LOW,95.0,National Assembly,UDA,TRANS NZOIA,TRANS NZOIA,Member of Parliament,National Assembly of Kenya,https://www.parliament.go.ke/the-national-assembly/hon-siyoi-lillian-chebet,https://www.parliament.go.ke/the-national-assembly/mps?field_name_value=%20&field_parliament_value=2022&field_employment_history_value=&page=30,ACTIVE
341,HON. SLOYA CLEMENT LOGOVA,True,False,LOW,95.0,National Assembly,UDA,SABATIA,VIHIGA,Member of Parliament,National Assembly of Kenya,https://www.parliament.go.ke/the-national-assembly/hon-sloya-clement-logova,https://www.parliament.go.ke/the-national-assembly/mps?field_name_value=%20&field_parliament_value=2022&field_employment_history_value=&page=30,ACTIVE
342,HON. SUDI OSCAR KIPCHUMBA,True,False,LOW,95.0,National Assembly,UDA,KAPSERET,UASIN GISHU,Member of Parliament,National Assembly of Kenya,https://www.parliament.go.ke/the-national-assembly/hon-sudi-oscar-kipchumba-0,https://www.parliament.go.ke/the-national-assembly/mps?field_name_value=%20&field_parliament_value=2022&field_employment_history_value=&page=31,ACTIVE
343,HON. SULEKA HULBALE HARUN,True,False,LOW,95.0,National Assembly,UDM,,,Member of Parliament,National Assembly of Kenya,https://www.parliament.go.ke/the-national-assembly/hon-suleka-hulbale-harun,https://www.parliament.go.ke/the-national-assembly/mps?field_name_value=%20&field_parliament_value=2022&field_employment_history_value=&page=31,ACTIVE
344,"HON. SUNKUIYA,  GEORGE RISA",True,False,LOW,95.0,National Assembly,UDA,KAJIADO WEST,KAJIADO,Member of Parliament,National Assembly of Kenya,https://www.parliament.go.ke/the-national-assembly/hon-sunkuyia-george-risa-0,https://www.parliament.go.ke/the-national-assembly/mps?field_name_value=%20&field_parliament_value=2022&field_employment_history_value=&page=31,ACTIVE
345,"HON. SUNKULI, JULIUS LEKAKENY",True,False,LOW,95.0,National Assembly,KANU,KILGORIS,NAROK,Member of Parliament,National Assembly of Kenya,https://www.parliament.go.ke/the-national-assembly/hon-sunkuli-julius-lekakeny,https://www.parliament.go.ke/the-national-assembly/mps?field_name_value=%20&field_parliament_value=2022&field_employment_history_value=&page=31,ACTIVE
346,HON. TAITAMU JULIUS MÁNAIBA,True,False,LOW,95.0,National Assembly,UDA,IGEMBE NORTH,MERU,Member of Parliament,National Assembly of Kenya,https://www.parliament.go.ke/the-national-assembly/hon-taitumu-julius-manaiba,https://www.parliament.go.ke/the-national-assembly/mps?field_name_value=%20&field_parliament_value=2022&field_employment_history_value=&page=31,ACTIVE
347,"HON. TANDAZA KASSIM SAWA, CBS",True,False,LOW,95.0,National Assembly,ANC,MATUGA,KWALE,Member of Parliament,National Assembly of Kenya,https://www.parliament.go.ke/the-national-assembly/hon-tandaza-kassim-sawa-cbs,https://www.parliament.go.ke/the-national-assembly/mps?field_name_value=%20&field_parliament_value=2022&field_employment_history_value=&page=31,ACTIVE
348,HON. THUKU ZACHARY KWENYA,True,False,LOW,95.0,National Assembly,JP,KINANGOP,NYANDARUA,Member of Parliament,National Assembly of Kenya,https://www.parliament.go.ke/the-national-assembly/hon-thuku-zachary-kwenya-0,https://www.parliament.go.ke/the-national-assembly/mps?field_name_value=%20&field_parliament_value=2022&field_employment_history_value=&page=31,ACTIVE
349,"HON. TONGOYO, GABRIEL KOSHAL",True,False,LOW,95.0,National Assembly,UDA,NAROK WEST,NAROK,Member of Parliament,National Assembly of Kenya,https://www.parliament.go.ke/the-national-assembly/hon-tongoyo-gabriel-koshal-0,https://www.parliament.go.ke/the-national-assembly/mps?field_name_value=%20&field_parliament_value=2022&field_employment_history_value=&page=31,ACTIVE
350,HON. TONKEI REBECCA NOONAISHI,True,False,LOW,95.0,National Assembly,UDA,NAROK,NAROK,Member of Parliament,National Assembly of Kenya,https://www.parliament.go.ke/the-national-assembly/hon-tonkei-rebecca-noonaishi,https://www.parliament.go.ke/the-national-assembly/mps?field_name_value=%20&field_parliament_value=2022&field_employment_history_value=&page=31,ACTIVE
351,"HON. TONUI JOSEPH KIPKOSGEI, CBS",True,False,LOW,95.0,National Assembly,UDA,KURESOI SOUTH,NAKURU,Member of Parliament,National Assembly of Kenya,https://www.parliament.go.ke/the-national-assembly/hon-tonui-joseph-kipkosgei-cbs,https://www.parliament.go.ke/the-national-assembly/mps?field_name_value=%20&field_parliament_value=2022&field_employment_history_value=&page=31,ACTIVE
352,HON. TOROITICH TIMOTHY KIPCHUMBA,True,False,LOW,95.0,National Assembly,IND,MARAKWET WEST,ELGEYO MARAKWET,Member of Parliament,National Assembly of Kenya,https://www.parliament.go.ke/the-national-assembly/hon-toroitich-timothy-kipchumba,https://www.parliament.go.ke/the-national-assembly/mps?field_name_value=%20&field_parliament_value=2022&field_employment_history_value=&page=32,ACTIVE
353,HON. TUNGULE CHARO KENNETH KAZUNGU,True,False,LOW,95.0,National Assembly,PAA,GANZE,KILIFI,Member of Parliament,National Assembly of Kenya,https://www.parliament.go.ke/the-national-assembly/hon-tungule-charo-kenneth-kazungu,https://www.parliament.go.ke/the-national-assembly/mps?field_name_value=%20&field_parliament_value=2022&field_employment_history_value=&page=32,ACTIVE
354,"HON. WACHIRA,  RAHAB MUKAMI",True,False,LOW,95.0,National Assembly,UDA,NYERI,NYERI,Member of Parliament,National Assembly of Kenya,https://www.parliament.go.ke/the-national-assembly/hon-wachira-rahab-mukami-0,https://www.parliament.go.ke/the-national-assembly/mps?field_name_value=%20&field_parliament_value=2022&field_employment_history_value=&page=32,ACTIVE
355,HON. WAINAINA ANTHONY NJOROGE,True,False,LOW,95.0,National Assembly,UDA,KIENI,NYERI,Member of Parliament,National Assembly of Kenya,https://www.parliament.go.ke/the-national-assembly/hon-wainaina-anthony-njoroge,https://www.parliament.go.ke/the-national-assembly/mps?field_name_value=%20&field_parliament_value=2022&field_employment_history_value=&page=32,ACTIVE
356,"HON. WAINAINA, MICHAEL WAMBUGU",True,False,LOW,95.0,National Assembly,UDA,OTHAYA,NYERI,Member of Parliament,National Assembly of Kenya,https://www.parliament.go.ke/the-national-assembly/hon-wainaina-michael-wambugu,https://www.parliament.go.ke/the-national-assembly/mps?field_name_value=%20&field_parliament_value=2022&field_employment_history_value=&page=32,ACTIVE
357,HON. WAITHAKA JOHN MACHUA,True,False,LOW,95.0,National Assembly,UDA,KIAMBU,KIAMBU,Member of Parliament,National Assembly of Kenya,https://www.parliament.go.ke/the-national-assembly/hon-waithaka-john-machua,https://www.parliament.go.ke/the-national-assembly/mps?field_name_value=%20&field_parliament_value=2022&field_employment_history_value=&page=32,ACTIVE
358,"HON. WAMACUKURU JAMES GITHUA KAMAU, CBS",True,False,LOW,95.0,National Assembly,UDA,KABETE,KIAMBU,Member of Parliament,National Assembly of Kenya,https://www.parliament.go.ke/the-national-assembly/hon-wamacukuru-james-githua-kamau-cbs,https://www.parliament.go.ke/the-national-assembly/mps?field_name_value=%20&field_parliament_value=2022&field_employment_history_value=&page=32,ACTIVE
359,HON. WAMBILIANGA CATHERINE NANJALA,True,False,LOW,95.0,National Assembly,FORD - K,BUNGOMA,BUNGOMA,Member of Parliament,National Assembly of Kenya,https://www.parliament.go.ke/the-national-assembly/hon-wambilianga-catherine-nanjala-0,https://www.parliament.go.ke/the-national-assembly/mps?field_name_value=%20&field_parliament_value=2022&field_employment_history_value=&page=32,ACTIVE
360,HON. WAMBOKA WANAMI JACK NELSON,True,False,LOW,95.0,National Assembly,DAP-K,BUMULA,BUNGOMA,Member of Parliament,National Assembly of Kenya,https://www.parliament.go.ke/the-national-assembly/hon-wamboka-wanami-jack-nelson,https://www.parliament.go.ke/the-national-assembly/mps?field_name_value=%20&field_parliament_value=2022&field_employment_history_value=&page=32,ACTIVE
361,"HON. WAMUCHOMBA,  GATHONI",True,False,LOW,95.0,National Assembly,UDA,GITHUNGURI,KIAMBU,Member of Parliament,National Assembly of Kenya,https://www.parliament.go.ke/the-national-assembly/hon-wamuchomba-gathoni-0,https://www.parliament.go.ke/the-national-assembly/mps?field_name_value=%20&field_parliament_value=2022&field_employment_history_value=&page=32,ACTIVE
362,HON. WANGAYA CHRISTOPHER ASEKA,True,False,LOW,95.0,National Assembly,ODM,KHWISERO,KAKAMEGA,Member of Parliament,National Assembly of Kenya,https://www.parliament.go.ke/the-national-assembly/hon-wangaya-christopher-aseka-0,https://www.parliament.go.ke/the-national-assembly/mps?field_name_value=%20&field_parliament_value=2022&field_employment_history_value=&page=33,ACTIVE
363,"HON. WANGWE, EMMANUEL",True,False,LOW,95.0,National Assembly,ODM,NAVAKHOLO,KAKAMEGA,Member of Parliament,National Assembly of Kenya,https://www.parliament.go.ke/the-national-assembly/hon-wangwe-emmanuel-0,https://www.parliament.go.ke/the-national-assembly/mps?field_name_value=%20&field_parliament_value=2022&field_employment_history_value=&page=33,ACTIVE
364,"HON. WANJALA RAPHAEL BITTA SAUTI, CBS",True,False,LOW,95.0,National Assembly,ODM,BUDALANGI,BUSIA,Member of Parliament,National Assembly of Kenya,https://www.parliament.go.ke/the-national-assembly/hon-wanjala-raphael-bitta-sauti-cbs,https://www.parliament.go.ke/the-national-assembly/mps?field_name_value=%20&field_parliament_value=2022&field_employment_history_value=&page=33,ACTIVE
365,HON. WANJIKU JOHN NJUGUNA,True,False,LOW,95.0,National Assembly,UDA,KIAMBAA,KIAMBU,Member of Parliament,National Assembly of Kenya,https://www.parliament.go.ke/the-national-assembly/hon-wanjiku-john-njuguna-0,https://www.parliament.go.ke/the-national-assembly/mps?field_name_value=%20&field_parliament_value=2022&field_employment_history_value=&page=33,ACTIVE
366,"HON. WANJIRA, MARTHA WANGARI, CBS",True,False,LOW,95.0,National Assembly,UDA,GILGIL,NAKURU,Member of Parliament,National Assembly of Kenya,https://www.parliament.go.ke/the-national-assembly/hon-wanjira-martha-wangari-cbs,https://www.parliament.go.ke/the-national-assembly/mps?field_name_value=%20&field_parliament_value=2022&field_employment_history_value=&page=33,ACTIVE
367,HON. WANYONYI KEVIN FERDINAND,True,False,LOW,95.0,National Assembly,FORD - K,KWANZA,TRANS NZOIA,Member of Parliament,National Assembly of Kenya,https://www.parliament.go.ke/the-national-assembly/hon-wanyonyi-kevin-ferdinand,https://www.parliament.go.ke/the-national-assembly/mps?field_name_value=%20&field_parliament_value=2022&field_employment_history_value=&page=33,ACTIVE
368,HON. WANYONYI MARTIN PEPELA,True,False,LOW,95.0,National Assembly,FORD-K,WEBUYE EAST,BUNGOMA,Member of Parliament,National Assembly of Kenya,https://www.parliament.go.ke/the-national-assembly/hon-wanyonyi-martin-pepela,https://www.parliament.go.ke/the-national-assembly/mps?field_name_value=%20&field_parliament_value=2022&field_employment_history_value=&page=33,ACTIVE
369,HON. WAQO NAOMI JILLO,True,False,LOW,95.0,National Assembly,UDA,MARSABIT,MARSABIT,Member of Parliament,National Assembly of Kenya,https://www.parliament.go.ke/the-national-assembly/hon-waqo-naomi-jillo,https://www.parliament.go.ke/the-national-assembly/mps?field_name_value=%20&field_parliament_value=2022&field_employment_history_value=&page=33,ACTIVE
370,"HON. WAWERU, JOHN KIARIE",True,False,LOW,95.0,National Assembly,UDA,DAGORETTI SOUTH,NAIROBI,Member of Parliament,National Assembly of Kenya,https://www.parliament.go.ke/the-national-assembly/hon-waweru-john-kiarie-0,https://www.parliament.go.ke/the-national-assembly/mps?field_name_value=%20&field_parliament_value=2022&field_employment_history_value=&page=33,ACTIVE
371,HON. WETANGULA TIMOTHY WANYONYI,True,False,LOW,95.0,National Assembly,ODM,WESTLANDS,NAIROBI,Member of Parliament,National Assembly of Kenya,https://www.parliament.go.ke/the-national-assembly/hon-wetangula-timothy-wanyonyi-0,https://www.parliament.go.ke/the-national-assembly/mps?field_name_value=%20&field_parliament_value=2022&field_employment_history_value=&page=33,ACTIVE
372,HON. YEGON BRIGHTON LEONARD,True,False,LOW,95.0,National Assembly,UDA,KONOIN,BOMET,Member of Parliament,National Assembly of Kenya,https://www.parliament.go.ke/the-national-assembly/hon-yegon-brighton-leonard,https://www.parliament.go.ke/the-national-assembly/mps?field_name_value=%20&field_parliament_value=2022&field_employment_history_value=&page=34,ACTIVE
373,"HON. YEGON, RICHARD KIPKEMOI",True,False,LOW,95.0,National Assembly,UDA,BOMET EAST,BOMET,Member of Parliament,National Assembly of Kenya,https://www.parliament.go.ke/the-national-assembly/hon-yegon-richard-kipkemoi,https://www.parliament.go.ke/the-national-assembly/mps?field_name_value=%20&field_parliament_value=2022&field_employment_history_value=&page=34,ACTIVE
374,"HON. YUSSUF, ADAN HAJI",True,False,LOW,95.0,National Assembly,UDM,MANDERA WEST,MANDERA,Member of Parliament,National Assembly of Kenya,https://www.parliament.go.ke/the-national-assembly/hon-yussuf-adan-haji-0,https://www.parliament.go.ke/the-national-assembly/mps?field_name_value=%20&field_parliament_value=2022&field_employment_history_value=&page=34,ACTIVE
375,HON.(CPA) KIMANI FRANCIS KURIA,True,False,LOW,95.0,National Assembly,UDA,MOLO,NAKURU,Member of Parliament,National Assembly of Kenya,https://www.parliament.go.ke/the-national-assembly/honcpa-kimani-francis-kuria,https://www.parliament.go.ke/the-national-assembly/mps?field_name_value=%20&field_parliament_value=2022&field_employment_history_value=&page=34,ACTIVE
376,HON.(DR.) GIDEON KIMAIYO,True,False,LOW,95.0,National Assembly,UDA,KEIYO SOUTH,ELGEYO - MARAKWET,Member of Parliament,National Assembly of Kenya,https://www.parliament.go.ke/the-national-assembly/hondr-gideon-kimaiyo,https://www.parliament.go.ke/the-national-assembly/mps?field_name_value=%20&field_parliament_value=2022&field_employment_history_value=&page=34,ACTIVE
377,HON.KARITHO KIILI DANIEL,True,False,LOW,95.0,National Assembly,JP,IGEMBE CENTRAL,MERU,Member of Parliament,National Assembly of Kenya,https://www.parliament.go.ke/the-national-assembly/honkaritho-kiili-daniel,https://www.parliament.go.ke/the-national-assembly/mps?field_name_value=%20&field_parliament_value=2022&field_employment_history_value=&page=34,ACTIVE
378,HON.MBIUKI JAPHET MIRITI KAREKE,True,False,LOW,95.0,National Assembly,UDA,MAARA,THARAKA NITHI,Member of Parliament,National Assembly of Kenya,https://www.parliament.go.ke/the-national-assembly/honmbiuki-japhet-miriti-kareke,https://www.parliament.go.ke/the-national-assembly/mps?field_name_value=%20&field_parliament_value=2022&field_employment_history_value=&page=34,ACTIVE
379,"RT. HON. (DR.) MOSES F.M. WETANG'ULA, EGH",True,False,LOW,95.0,National Assembly,,,,Member of Parliament,National Assembly of Kenya,https://www.parliament.go.ke/the-national-assembly/rt-hon-dr-moses-fm-wetangula-egh,https://www.parliament.go.ke/the-national-assembly/mps?field_name_value=%20&field_parliament_value=2022&field_employment_history_value=&page=34,ACTIVE
380,VACANT,True,False,LOW,95.0,National Assembly,,GARISSA TOWNSHIP,GARISSA,Member of Parliament,National Assembly of Kenya,https://www.parliament.go.ke/the-national-assembly/vacant,https://www.parliament.go.ke/the-national-assembly/mps?field_name_value=%20&field_parliament_value=2022&field_employment_history_value=&page=34,ACTIVE
382,Sen. Sifuna Edwin Watenya,True,False,LOW,95.0,Senate,ODM,,Nairobi,Senator,Senate of Kenya,https://www.parliament.go.ke/the-senate/sen-sifuna-edwin-watenya,https://www.parliament.go.ke/the-senate/senators,ACTIVE
383,Sen. (Dr.) Khalwale Boni,True,False,LOW,95.0,Senate,UDA,,Kakamega,Senator,Senate of Kenya,https://www.parliament.go.ke/the-senate/sen-dr-khalwale-boni,https://www.parliament.go.ke/the-senate/senators,ACTIVE
384,"Sen. (Rtd) Justice Stewart Madzayo, CBS, MP",True,False,LOW,95.0,Senate,ODM,,Kilifi,Senator,Senate of Kenya,https://www.parliament.go.ke/the-senate/sen-rtd-justice-stewart-madzayo-cbs-mp,https://www.parliament.go.ke/the-senate/senators,ACTIVE
385,Sen. Abdalla Shakilla Mohamed,True,False,LOW,95.0,Senate,WDM,,Nominated,Senator,Senate of Kenya,https://www.parliament.go.ke/the-senate/sen-abdalla-shakila-mohamed,https://www.parliament.go.ke/the-senate/senators,ACTIVE
386,Sen. Beatrice Akinyi Ogolla,True,False,LOW,95.0,Senate,ODM,,Nominated,Senator,Senate of Kenya,https://www.parliament.go.ke/the-senate/sen-beatrice-akinyi-ogolla,https://www.parliament.go.ke/the-senate/senators,ACTIVE
387,Sen. Beth Kalunda Syengo,True,False,LOW,95.0,Senate,ODM,,Nominated,Senator,Senate of Kenya,https://www.parliament.go.ke/the-senate/sen-beth-kalunda-syengo,https://www.parliament.go.ke/the-senate/senators,ACTIVE
388,Sen. Betty Batuli Montet,True,False,LOW,95.0,Senate,ODM,,Nominated,Senator,Senate of Kenya,https://www.parliament.go.ke/the-senate/sen-betty-batuli-montet,https://www.parliament.go.ke/the-senate/senators,ACTIVE
389,"Sen. Boy Issa Juma, CBS",True,False,LOW,95.0,Senate,ODM,,Kwale,Senator,Senate of Kenya,https://www.parliament.go.ke/the-senate/sen-boy-issa-juma-cbs,https://www.parliament.go.ke/the-senate/senators,ACTIVE
390,Sen. Catherine Muyeka Mumma,True,False,LOW,95.0,Senate,ODM,,Nominated,Senator,Senate of Kenya,https://www.parliament.go.ke/the-senate/sen-catherine-muyeka-mumma,https://www.parliament.go.ke/the-senate/senators,ACTIVE
391,Sen. Cheburet Kiprono Chemitei V.,True,False,LOW,95.0,Senate,UDA,,Baringo,Senator,Senate of Kenya,https://www.parliament.go.ke/the-senate/sen-cheburet-kiprono-chemitei-v,https://www.parliament.go.ke/the-senate/senators,ACTIVE
392,Sen. Cherarkey Samson K,True,False,LOW,95.0,Senate,UDA,,Nandi,Senator,Senate of Kenya,https://www.parliament.go.ke/the-senate/sen-cherarkey-samson-k,https://www.parliament.go.ke/the-senate/senators?title=&field_parliament_value=2022&page=1,ACTIVE
393,Sen. Cheruiyot Aaron Kipkirui,True,False,LOW,95.0,Senate,UDA,,Kericho,Senator,Senate of Kenya,https://www.parliament.go.ke/the-senate/sen-cheruiyot-aaron-kipkirui-0,https://www.parliament.go.ke/the-senate/senators?title=&field_parliament_value=2022&page=1,ACTIVE
394,"Sen. Chesang Allan Kiprotich, CBS",True,False,LOW,95.0,Senate,UDA,,Trans Nzoia,Senator,Senate of Kenya,https://www.parliament.go.ke/the-senate/sen-chesang-allan-kiprotich-cbs,https://www.parliament.go.ke/the-senate/senators?title=&field_parliament_value=2022&page=1,ACTIVE
395,Sen. Chimera Raphael Mwinzago,True,False,LOW,95.0,Senate,UDA,,Nominated,Senator,Senate of Kenya,https://www.parliament.go.ke/the-senate/sen-chimera-raphael-mwinzago,https://www.parliament.go.ke/the-senate/senators?title=&field_parliament_value=2022&page=1,ACTIVE
396,"Sen. Chute Mohamed Said, CBS",True,False,LOW,95.0,Senate,UDA,,Marsabit,Senator,Senate of Kenya,https://www.parliament.go.ke/the-senate/sen-chute-mohamed-said-cbs,https://www.parliament.go.ke/the-senate/senators?title=&field_parliament_value=2022&page=1,ACTIVE
397,Sen. Consolata Nabwire Wakwabubi,True,False,LOW,95.0,Senate,UDA,,Nominated,Senator,Senate of Kenya,https://www.parliament.go.ke/the-senate/sen-consolata-nabwire-wakwabubi,https://www.parliament.go.ke/the-senate/senators?title=&field_parliament_value=2022&page=1,ACTIVE
398,Sen. Crystal Asige,True,False,LOW,95.0,Senate,ODM,,Nominated,Senator,Senate of Kenya,https://www.parliament.go.ke/the-senate/sen-crystal-asige,https://www.parliament.go.ke/the-senate/senators?title=&field_parliament_value=2022&page=1,ACTIVE
399,"Sen. David Wakoli Wafula, CBS",True,False,LOW,95.0,Senate,(Ford K),,Bungoma County,Senator,Senate of Kenya,https://www.parliament.go.ke/the-senate/sen-david-wakoli-wafula-cbs,https://www.parliament.go.ke/the-senate/senators?title=&field_parliament_value=2022&page=1,ACTIVE
400,Sen. Dullo Fatuma Adan,True,False,LOW,95.0,Senate,JP,,Isiolo,Senator,Senate of Kenya,https://www.parliament.go.ke/the-senate/sen-dullo-fatuma-adan,https://www.parliament.go.ke/the-senate/senators?title=&field_parliament_value=2022&page=1,ACTIVE
401,Sen. Ekomwa James Lomenen,True,False,LOW,95.0,Senate,JP,,Turkana,Senator,Senate of Kenya,https://www.parliament.go.ke/the-senate/sen-ekomwa-james-lomenen,https://www.parliament.go.ke/the-senate/senators?title=&field_parliament_value=2022&page=1,ACTIVE
402,Sen. Essy Okenyuri Nyaituga Anyieni,True,False,LOW,95.0,Senate,UDA,,Nominated,Senator,Senate of Kenya,https://www.parliament.go.ke/the-senate/sen-essy-okenyuri-nyaituga-anyieni,https://www.parliament.go.ke/the-senate/senators?title=&field_parliament_value=2022&page=2,ACTIVE
403,Sen. Faki Mohamed Mwinyihaji,True,False,LOW,95.0,Senate,ODM,,Mombasa,Senator,Senate of Kenya,https://www.parliament.go.ke/the-senate/sen-faki-mohamed-mwinyihaji,https://www.parliament.go.ke/the-senate/senators?title=&field_parliament_value=2022&page=2,ACTIVE
404,Sen. George Mungai Mbugua,True,False,LOW,95.0,Senate,UDA,,Nominated,Senator,Senate of Kenya,https://www.parliament.go.ke/the-senate/sen-george-mungai-mbugua,https://www.parliament.go.ke/the-senate/senators?title=&field_parliament_value=2022&page=2,ACTIVE
405,Sen. Haji Abdul Mohammed,True,False,LOW,95.0,Senate,JP,,Garissa,Senator,Senate of Kenya,https://www.parliament.go.ke/the-senate/sen-haji-abdul-mohammed,https://www.parliament.go.ke/the-senate/senators?title=&field_parliament_value=2022&page=2,ACTIVE
406,Sen. Hamida Ali Kibwana,True,False,LOW,95.0,Senate,ODM,,Nominated,Senator,Senate of Kenya,https://www.parliament.go.ke/the-senate/sen-hamida-ali-kibwana,https://www.parliament.go.ke/the-senate/senators?title=&field_parliament_value=2022&page=2,ACTIVE
407,Sen. Hezena M. Lemaletian,True,False,LOW,95.0,Senate,ODM,,Nominated,Senator,Senate of Kenya,https://www.parliament.go.ke/the-senate/sen-hezena-m-lemaletian,https://www.parliament.go.ke/the-senate/senators?title=&field_parliament_value=2022&page=2,ACTIVE
408,Sen. Joe Nyutu,True,False,LOW,95.0,Senate,UDA,,Muranga,Senator,Senate of Kenya,https://www.parliament.go.ke/the-senate/sen-joe-nyutu,https://www.parliament.go.ke/the-senate/senators?title=&field_parliament_value=2022&page=2,ACTIVE
409,Sen. Joyce Chepkoech Korir,True,False,LOW,95.0,Senate,UDA,,Nominated,Senator,Senate of Kenya,https://www.parliament.go.ke/the-senate/sen-joyce-chepkoech-korir,https://www.parliament.go.ke/the-senate/senators?title=&field_parliament_value=2022&page=2,ACTIVE
410,Sen. Kajwang' Moses Otieno,True,False,LOW,95.0,Senate,ODM,,Homa Bay,Senator,Senate of Kenya,https://www.parliament.go.ke/the-senate/sen-kajwang-moses-otieno-0,https://www.parliament.go.ke/the-senate/senators?title=&field_parliament_value=2022&page=2,ACTIVE
411,Sen. Kamau Joseph Githuku,True,False,LOW,95.0,Senate,JP,,Lamu,Senator,Senate of Kenya,https://www.parliament.go.ke/the-senate/sen-kamau-joseph-githuku,https://www.parliament.go.ke/the-senate/senators?title=&field_parliament_value=2022&page=2,ACTIVE
412,Sen. Karungo Paul Thangwa,True,False,LOW,95.0,Senate,UDA,,Kiambu,Senator,Senate of Kenya,https://www.parliament.go.ke/the-senate/sen-karungo-paul-thangwa,https://www.parliament.go.ke/the-senate/senators?title=&field_parliament_value=2022&page=3,ACTIVE
413,Sen. Keroche Tabitha Karanja,True,False,LOW,95.0,Senate,UDA,,Nakuru,Senator,Senate of Kenya,https://www.parliament.go.ke/the-senate/sen-keroche-tabitha-karanja,https://www.parliament.go.ke/the-senate/senators?title=&field_parliament_value=2022&page=3,ACTIVE
414,Sen. Kiplagat Jackson Mandago,True,False,LOW,95.0,Senate,UDA,,Uasin Gishu,Senator,Senate of Kenya,https://www.parliament.go.ke/the-senate/sen-kiplagat-jackson-mandago,https://www.parliament.go.ke/the-senate/senators?title=&field_parliament_value=2022&page=3,ACTIVE
415,"Sen. Kisang William Kipkemoi, CBS",True,False,LOW,95.0,Senate,UDA,,Elgeyo Marakwet,Senator,Senate of Kenya,https://www.parliament.go.ke/the-senate/sen-kisang-william-kipkemoi-cbs,https://www.parliament.go.ke/the-senate/senators?title=&field_parliament_value=2022&page=3,ACTIVE
416,Sen. Lelegwe Steve Ltumbesi,True,False,LOW,95.0,Senate,UDA,,Samburu,Senator,Senate of Kenya,https://www.parliament.go.ke/the-senate/sen-lelegwe-steve-ltumbesi,https://www.parliament.go.ke/the-senate/senators?title=&field_parliament_value=2022&page=3,ACTIVE
417,Sen. Maanzo Daniel Kitonga,True,False,LOW,95.0,Senate,WDM,,Makueni,Senator,Senate of Kenya,https://www.parliament.go.ke/the-senate/sen-maanzo-daniel-kitonga,https://www.parliament.go.ke/the-senate/senators?title=&field_parliament_value=2022&page=3,ACTIVE
418,Sen. Methu John Muhia,True,False,LOW,95.0,Senate,UDA,,Nyandarua,Senator,Senate of Kenya,https://www.parliament.go.ke/the-senate/sen-methu-john-muhia,https://www.parliament.go.ke/the-senate/senators?title=&field_parliament_value=2022&page=3,ACTIVE
419,Sen. Miraj Abdillahi Abdulrahman,True,False,LOW,95.0,Senate,UDA,,Nominated,Senator,Senate of Kenya,https://www.parliament.go.ke/the-senate/sen-miraj-abdillahi-abdulrahman,https://www.parliament.go.ke/the-senate/senators?title=&field_parliament_value=2022&page=3,ACTIVE
420,Sen. Mogeni Erick Okongo,True,False,LOW,95.0,Senate,ODM,,Nyamira,Senator,Senate of Kenya,https://www.parliament.go.ke/the-senate/sen-mogeni-erick-okongo,https://www.parliament.go.ke/the-senate/senators?title=&field_parliament_value=2022&page=3,ACTIVE
421,Sen. Mohamed Abass Sheikh,True,False,LOW,95.0,Senate,UDM,,Wajir,Senator,Senate of Kenya,https://www.parliament.go.ke/the-senate/sen-mohamed-abass-sheikh,https://www.parliament.go.ke/the-senate/senators?title=&field_parliament_value=2022&page=3,ACTIVE
422,Sen. Mungatana Danson Buya,True,False,LOW,95.0,Senate,UDA,,Tana River,Senator,Senate of Kenya,https://www.parliament.go.ke/the-senate/sen-mungatana-danson-buya,https://www.parliament.go.ke/the-senate/senators?title=&field_parliament_value=2022&page=4,ACTIVE
423,Sen. Munyi Alexander Mundigi,True,False,LOW,95.0,Senate,DP,,Embu,Senator,Senate of Kenya,https://www.parliament.go.ke/the-senate/sen-munyi-alexander-mundigi,https://www.parliament.go.ke/the-senate/senators?title=&field_parliament_value=2022&page=4,ACTIVE
424,Sen. Murango James Kamau,True,False,LOW,95.0,Senate,UDA,,Kirinyaga,Senator,Senate of Kenya,https://www.parliament.go.ke/the-senate/sen-murango-james-kamau,https://www.parliament.go.ke/the-senate/senators?title=&field_parliament_value=2022&page=4,ACTIVE
425,Sen. Murungi Kathuri,True,False,LOW,95.0,Senate,UDA,,Meru,Senator,Senate of Kenya,https://www.parliament.go.ke/the-senate/sen-murungi-kathuri,https://www.parliament.go.ke/the-senate/senators?title=&field_parliament_value=2022&page=4,ACTIVE
426,Sen. Muthama Agnes Kavindu Mbuku,True,False,LOW,95.0,Senate,WDM,,Machakos,Senator,Senate of Kenya,https://www.parliament.go.ke/the-senate/sen-muthama-agnes-kavindu-mbuku,https://www.parliament.go.ke/the-senate/senators?title=&field_parliament_value=2022&page=4,ACTIVE
427,"Sen. Mutinda Maureen Tabitha, CBS",True,False,LOW,95.0,Senate,UDA,,Nominated,Senator,Senate of Kenya,https://www.parliament.go.ke/the-senate/sen-mutinda-maureen-tabitha-cbs,https://www.parliament.go.ke/the-senate/senators?title=&field_parliament_value=2022&page=4,ACTIVE
428,"Sen. Mwaruma Johnes M, CBS",True,False,LOW,95.0,Senate,ODM,,Taita Taveta,Senator,Senate of Kenya,https://www.parliament.go.ke/the-senate/sen-mwaruma-johnes-m-cbs,https://www.parliament.go.ke/the-senate/senators?title=&field_parliament_value=2022&page=4,ACTIVE
429,Sen. Mwenda Gataya Mo Fire,True,False,LOW,95.0,Senate,UDA,,Tharaka Nithi,Senator,Senate of Kenya,https://www.parliament.go.ke/the-senate/sen-mwenda-gataya-mo-fire,https://www.parliament.go.ke/the-senate/senators?title=&field_parliament_value=2022&page=4,ACTIVE
430,Sen. Nderitu John Kinyua,True,False,LOW,95.0,Senate,UDA,,Laikipia,Senator,Senate of Kenya,https://www.parliament.go.ke/the-senate/sen-nderitu-john-kinyua,https://www.parliament.go.ke/the-senate/senators?title=&field_parliament_value=2022&page=4,ACTIVE
431,Sen. Nyamu Karen Njeri,True,False,LOW,95.0,Senate,UDA,,Nominated,Senator,Senate of Kenya,https://www.parliament.go.ke/the-senate/sen-nyamu-karen-njeri,https://www.parliament.go.ke/the-senate/senators?title=&field_parliament_value=2022&page=4,ACTIVE
432,Sen. Oginga Oburu,True,False,LOW,95.0,Senate,ODM,,Siaya,Senator,Senate of Kenya,https://www.parliament.go.ke/the-senate/sen-oginga-oburu,https://www.parliament.go.ke/the-senate/senators?title=&field_parliament_value=2022&page=5,ACTIVE
433,Sen. Oketch Eddy Gicheru,True,False,LOW,95.0,Senate,ODM,,Migori,Senator,Senate of Kenya,https://www.parliament.go.ke/the-senate/sen-oketch-eddy-gicheru,https://www.parliament.go.ke/the-senate/senators?title=&field_parliament_value=2022&page=5,ACTIVE
434,Sen. Okoiti Andrew Omtatah,True,False,LOW,95.0,Senate,NRA,,Busia,Senator,Senate of Kenya,https://www.parliament.go.ke/the-senate/sen-okoiti-andrew-omtatah,https://www.parliament.go.ke/the-senate/senators?title=&field_parliament_value=2022&page=5,ACTIVE
435,Sen. Olekina Ledama,True,False,LOW,95.0,Senate,ODM,,Narok,Senator,Senate of Kenya,https://www.parliament.go.ke/the-senate/sen-olekina-ledama-0,https://www.parliament.go.ke/the-senate/senators?title=&field_parliament_value=2022&page=5,ACTIVE
436,Sen. Omar Mariam Sheikh,True,False,LOW,95.0,Senate,UDM,,Nominated,Senator,Senate of Kenya,https://www.parliament.go.ke/the-senate/sen-omar-mariam-sheikh,https://www.parliament.go.ke/the-senate/senators?title=&field_parliament_value=2022&page=5,ACTIVE
437,Sen. Onyonka Richard Momoima,True,False,LOW,95.0,Senate,ODM,,Kisii,Senator,Senate of Kenya,https://www.parliament.go.ke/the-senate/sen-onyonka-richard-momoima,https://www.parliament.go.ke/the-senate/senators?title=&field_parliament_value=2022&page=5,ACTIVE
438,Sen. Osotsi Godfrey Atieno,True,False,LOW,95.0,Senate,ODM,,Vihiga,Senator,Senate of Kenya,https://www.parliament.go.ke/the-senate/sen-osotsi-godfrey-atieno,https://www.parliament.go.ke/the-senate/senators?title=&field_parliament_value=2022&page=5,ACTIVE
439,Sen. Pesi Peris Tobiko,True,False,LOW,95.0,Senate,UDA,,Nominated,Senator,Senate of Kenya,https://www.parliament.go.ke/the-senate/sen-pesi-peris-tobiko,https://www.parliament.go.ke/the-senate/senators?title=&field_parliament_value=2022&page=5,ACTIVE
440,Sen. Prof. Margaret Jepkoech Kamar,True,False,LOW,95.0,Senate,JP,,Nominated,Senator,Senate of Kenya,https://www.parliament.go.ke/the-senate/sen-prof-margaret-jepkoech-kamar,https://www.parliament.go.ke/the-senate/senators?title=&field_parliament_value=2022&page=5,ACTIVE
441,"Sen. Prof. Tom Odhiambo Ojienda, SC, MP",True,False,LOW,95.0,Senate,ODM,,Kisumu,Senator,Senate of Kenya,https://www.parliament.go.ke/the-senate/sen-prof-tom-odhiambo-ojienda-sc-mp,https://www.parliament.go.ke/the-senate/senators?title=&field_parliament_value=2022&page=5,ACTIVE
442,Sen. Recha Julius Murgor,True,False,LOW,95.0,Senate,UDA,,West Pokot,Senator,Senate of Kenya,https://www.parliament.go.ke/the-senate/sen-recha-julius-murgor,https://www.parliament.go.ke/the-senate/senators?title=&field_parliament_value=2022&page=6,ACTIVE
443,Sen. Roba Ali Ibrahim,True,False,LOW,95.0,Senate,UDM,,Mandera,Senator,Senate of Kenya,https://www.parliament.go.ke/the-senate/sen-roba-ali-ibrahim,https://www.parliament.go.ke/the-senate/senators?title=&field_parliament_value=2022&page=6,ACTIVE
444,Sen. Seki Lenku Ole Kanar,True,False,LOW,95.0,Senate,UDA,,Kajiado,Senator,Senate of Kenya,https://www.parliament.go.ke/the-senate/sen-seki-lenku-ole-kanar,https://www.parliament.go.ke/the-senate/senators?title=&field_parliament_value=2022&page=6,ACTIVE
445,"Sen. Veronica Waheti Nduati, CBS",True,False,LOW,95.0,Senate,UDA,,Nominated,Senator,Senate of Kenya,https://www.parliament.go.ke/the-senate/sen-veronica-waheti-nduati-cbs,https://www.parliament.go.ke/the-senate/senators?title=&field_parliament_value=2022&page=6,ACTIVE
446,Sen. Wakili Hillary Kiprotich Sigei,True,False,LOW,95.0,Senate,UDA,,Bomet,Senator,Senate of Kenya,https://www.parliament.go.ke/the-senate/sen-wakili-hillary-kiprotich-sigei-cbs-mp,https://www.parliament.go.ke/the-senate/senators?title=&field_parliament_value=2022&page=6,ACTIVE
447,"Sen. Wamatinga Wahome, CBS",True,False,LOW,95.0,Senate,UDA,,Nyeri,Senator,Senate of Kenya,https://www.parliament.go.ke/the-senate/sen-wamatinga-wahome-cbs,https://www.parliament.go.ke/the-senate/senators?title=&field_parliament_value=2022&page=6,ACTIVE
448,Sen. Wambua Enoch Kiio,True,False,LOW,95.0,Senate,WDM,,Kitui,Senator,Senate of Kenya,https://www.parliament.go.ke/the-senate/sen-wambua-enoch-kiio-0,https://www.parliament.go.ke/the-senate/senators?title=&field_parliament_value=2022&page=6,ACTIVE
496,Hon. Justice Daniel Kiio Musinga,True,False,LOW,97.0,Court of Appeal,,,,Judge,Court of Appeal of Kenya,https://judiciary.go.ke/team_member/hon-justice-daniel-kiio-musinga/,https://judiciary.go.ke/court-of-appeal-judges/,ACTIVE
497,Hon. Lady Justice Wanjiru Karanja,True,False,LOW,97.0,Court of Appeal,,,,Judge,Court of Appeal of Kenya,https://judiciary.go.ke/team_member/hon-lady-justice-wanjiru-karanja/,https://judiciary.go.ke/court-of-appeal-judges/,ACTIVE
498,Hon. Mr. Justice Milton S. A. Makhandia,True,False,LOW,97.0,Court of Appeal,,,,Judge,Court of Appeal of Kenya,https://judiciary.go.ke/team_member/hon-mr-justice-milton-s-a-makhandia/,https://judiciary.go.ke/court-of-appeal-judges/,ACTIVE
499,Hon. Mr. Justice Patrick Omwenga Kiage,True,False,LOW,97.0,Court of Appeal,,,,Judge,Court of Appeal of Kenya,https://judiciary.go.ke/team_member/hon-mr-justice-patrick-omwenga-kiage/,https://judiciary.go.ke/court-of-appeal-judges/,ACTIVE
500,"Hon. Mr. Justice Gatembu Kairu, FCIArb",True,False,LOW,97.0,Court of Appeal,,,,President-Elect,Court of Appeal of Kenya,https://judiciary.go.ke/team_member/hon-mr-justice-gatembu-kairu-fciarb/,https://judiciary.go.ke/court-of-appeal-judges/,ACTIVE
501,Hon. Mr. Justice Kathurima M’Inoti,True,False,LOW,97.0,Court of Appeal,,,,Judge,Court of Appeal of Kenya,https://judiciary.go.ke/team_member/hon-mr-justice-kathurima-minoti/,https://judiciary.go.ke/court-of-appeal-judges/,ACTIVE
502,Hon. Lady Justice Agnes Kalekye Murgor,True,False,LOW,97.0,Court of Appeal,,,,Judge,Court of Appeal of Kenya,https://judiciary.go.ke/team_member/hon-lady-justice-agnes-murgor/,https://judiciary.go.ke/court-of-appeal-judges/,ACTIVE
503,Hon. Lady Justice Fatuma Sichale,True,False,LOW,97.0,Court of Appeal,,,,Judge,Court of Appeal of Kenya,https://judiciary.go.ke/team_member/hon-lady-justice-fatuma-sichale/,https://judiciary.go.ke/court-of-appeal-judges/,ACTIVE
504,Hon. Lady Justice Jamila Mohammed,True,False,LOW,97.0,Court of Appeal,,,,Judge,Court of Appeal of Kenya,https://judiciary.go.ke/team_member/hon-lady-justice-jamila-mohammed/,https://judiciary.go.ke/court-of-appeal-judges/,ACTIVE
505,Hon. Mr. Justice Sankale ole Kantai,True,False,LOW,97.0,Court of Appeal,,,,Judge,Court of Appeal of Kenya,https://judiciary.go.ke/team_member/hon-mr-justice-sankale-ole-kantai/,https://judiciary.go.ke/court-of-appeal-judges/,ACTIVE
506,Hon. Lady Justice Omondi Hellen Amollo Owino,True,False,LOW,97.0,Court of Appeal,,,,Judge,Court of Appeal of Kenya,https://judiciary.go.ke/team_member/hon-lady-justice-omondi-hellen-amollo-owino/,https://judiciary.go.ke/court-of-appeal-judges/,ACTIVE
507,Hon. Lady Justice Grace Mumbi Ngugi,True,False,LOW,97.0,Court of Appeal,,,,Judge,Court of Appeal of Kenya,https://judiciary.go.ke/team_member/hon-lady-justice-grace-mumbi-ngugi/,https://judiciary.go.ke/court-of-appeal-judges/,ACTIVE
508,Hon. Mr. Justice Francis Tuiyott,True,False,LOW,97.0,Court of Appeal,,,,Judge,Court of Appeal of Kenya,https://judiciary.go.ke/team_member/hon-mr-justice-francis-tuiyott/,https://judiciary.go.ke/court-of-appeal-judges/,ACTIVE
509,Hon. Lady Justice Nyamweya Pauline,True,False,LOW,97.0,Court of Appeal,,,,Judge,Court of Appeal of Kenya,https://judiciary.go.ke/team_member/hon-lady-justice-nyamweya-pauline-nyakoboke/,https://judiciary.go.ke/court-of-appeal-judges/,ACTIVE
510,Hon. Lady Justice Lesiit Jessie Wanjiku,True,False,LOW,97.0,Court of Appeal,,,,Judge,Court of Appeal of Kenya,https://judiciary.go.ke/team_member/hon-lady-justice-lesiit-jessie-wanjiku/,https://judiciary.go.ke/court-of-appeal-judges/,ACTIVE
511,Hon. Mr. Justice (Dr) Kibaya Imaana Laibuta,True,False,LOW,97.0,Court of Appeal,,,,Judge,Court of Appeal of Kenya,https://judiciary.go.ke/team_member/hon-mr-justice-dr-kibaya-imaana-laibuta/,https://judiciary.go.ke/court-of-appeal-judges/,ACTIVE
512,Hon. Mr. Justice Luka Kiprotich Kimaru,True,False,LOW,97.0,Court of Appeal,,,,Judge,Court of Appeal of Kenya,https://judiciary.go.ke/team_member/hon-mr-justice-luka-kiprotich-kimaru/,https://judiciary.go.ke/court-of-appeal-judges/,ACTIVE
513,Hon. Lady Justice Abida Ali-Aroni,True,False,LOW,97.0,Court of Appeal,,,,Judge,Court of Appeal of Kenya,https://judiciary.go.ke/team_member/hon-lady-justice-abida-ali-aroni/,https://judiciary.go.ke/court-of-appeal-judges/,ACTIVE
514,Hon.  Lady Justice Lydia Achode,True,False,LOW,97.0,Court of Appeal,,,,Judge,Court of Appeal of Kenya,https://judiciary.go.ke/team_member/hon-lady-justice-lydia-achode/,https://judiciary.go.ke/court-of-appeal-judges/,ACTIVE
515,Hon. Mr. Justice John Mativo,True,False,LOW,97.0,Court of Appeal,,,,Judge,Court of Appeal of Kenya,https://judiciary.go.ke/team_member/hon-mr-justice-john-mativo/,https://judiciary.go.ke/court-of-appeal-judges/,ACTIVE
516,Hon. Lady Justice Grace Ngenye,True,False,LOW,97.0,Court of Appeal,,,,Judge,Court of Appeal of Kenya,https://judiciary.go.ke/team_member/hon-lady-justice-grace-ngenye/,https://judiciary.go.ke/court-of-appeal-judges/,ACTIVE
517,Hon. Mr. Justice Gachoka Paul Mwaniki,True,False,LOW,97.0,Court of Appeal,,,,Judge,Court of Appeal of Kenya,https://judiciary.go.ke/team_member/hon-mr-justice-gachoka-paul-mwaniki/,https://judiciary.go.ke/court-of-appeal-judges/,ACTIVE
518,Hon. Mr. Justice Aggrey Otsyula Muchelule,True,False,LOW,97.0,Court of Appeal,,,,Judge,Court of Appeal of Kenya,https://judiciary.go.ke/team_member/hon-mr-justice-aggrey-otsyula-muchelule/,https://judiciary.go.ke/court-of-appeal-judges/,ACTIVE
519,Hon. Mr. Justice Korir Weldon Kipyegon,True,False,LOW,97.0,Court of Appeal,,,,Judge,Court of Appeal of Kenya,https://judiciary.go.ke/team_member/hon-mr-justice-korir-weldon-kipyegon/,https://judiciary.go.ke/court-of-appeal-judges/,ACTIVE
520,Hon. Mr. Justice (Prof) Joel Mwaura Ngugi,True,False,LOW,97.0,Court of Appeal,,,,Judge,Court of Appeal of Kenya,https://judiciary.go.ke/team_member/hon-mr-justice-prof-joel-mwaura-ngugi/,https://judiciary.go.ke/court-of-appeal-judges/,ACTIVE
521,Hon. Mr. Justice George Vincent Odunga,True,False,LOW,97.0,Court of Appeal,,,,Judge,Court of Appeal of Kenya,https://judiciary.go.ke/team_member/hon-mr-justice-george-vincent-odunga/,https://judiciary.go.ke/court-of-appeal-judges/,ACTIVE
522,Hon. Lady Justice Hedwig Imbosa Ong’udi,True,False,LOW,97.0,Court of Appeal,,,,Judge,Court of Appeal of Kenya,https://judiciary.go.ke/team_member/hon-lady-justice-hedwig-ongudi/,https://judiciary.go.ke/court-of-appeal-judges/,ACTIVE
523,Hon. Mr. Justice Nduma Mathews Nderi,True,False,LOW,97.0,Court of Appeal,,,,Judge,Court of Appeal of Kenya,https://judiciary.go.ke/team_member/hon-mr-justice-nduma-mathews-nderi/,https://judiciary.go.ke/court-of-appeal-judges/,ACTIVE
524,Hon. Lady Justice Linnet Mumo Ndolo,True,False,LOW,97.0,Court of Appeal,,,,Judge,Court of Appeal of Kenya,https://judiciary.go.ke/team_member/hon-lady-justice-linnet-ndolo-2/,https://judiciary.go.ke/court-of-appeal-judges/,ACTIVE
525,Hon Justice Chacha Mwita,True,False,LOW,97.0,Court of Appeal,,,,Judge,Court of Appeal of Kenya,https://judiciary.go.ke/team_member/hon-justice-chacha-mwita-2/,https://judiciary.go.ke/court-of-appeal-judges/,ACTIVE
526,Hon. Lady Justice Lucy Mwihaki Njuguna,True,False,LOW,97.0,Court of Appeal,,,,Judge,Court of Appeal of Kenya,https://judiciary.go.ke/team_member/hon-lady-justice-lucy-mwihaki-njuguna-2/,https://judiciary.go.ke/court-of-appeal-judges/,ACTIVE
527,Hon. Mr. Justice Samson Odhiambo Okong’o,True,False,LOW,97.0,Court of Appeal,,,,Judge,Court of Appeal of Kenya,https://judiciary.go.ke/team_member/hon-mr-justice-samson-odhiambo-okongo-3/,https://judiciary.go.ke/court-of-appeal-judges/,ACTIVE
528,Hon. Lady Justice Ngetich Rachel C. Biomondo,True,False,LOW,97.0,Court of Appeal,,,,Judge,Court of Appeal of Kenya,https://judiciary.go.ke/team_member/hon-lady-justice-ngetich-rachel-c-biomondo-2/,https://judiciary.go.ke/court-of-appeal-judges/,ACTIVE
529,Hon. Justice Joseph Kipchumba Kigen Katwa,True,False,LOW,97.0,Court of Appeal,,,,Judge,Court of Appeal of Kenya,https://judiciary.go.ke/team_member/hon-justice-joseph-kipchumba-kigen-katwa/,https://judiciary.go.ke/court-of-appeal-judges/,ACTIVE
530,Hon. Justice Stephen Anderson Radido Okiyo,True,False,LOW,97.0,Court of Appeal,,,,Judge,Court of Appeal of Kenya,https://judiciary.go.ke/team_member/hon-mr-justice-stephen-radido-2/,https://judiciary.go.ke/court-of-appeal-judges/,ACTIVE
531,Hon. Justice Brown Murungi Kairaria,True,False,LOW,97.0,Court of Appeal,,,,Judge,Court of Appeal of Kenya,https://judiciary.go.ke/team_member/hon-justice-brown-murungi-kairaria/,https://judiciary.go.ke/court-of-appeal-judges/,ACTIVE
532,Hon. Justice Ahmed Issack Hassan,True,False,LOW,97.0,Court of Appeal,,,,Judge,Court of Appeal of Kenya,https://judiciary.go.ke/team_member/hon-justice-ahmed-issack-hassan/,https://judiciary.go.ke/court-of-appeal-judges/,ACTIVE
533,Hon. Justice Paul Lilan,True,False,LOW,97.0,Court of Appeal,,,,Judge,Court of Appeal of Kenya,https://judiciary.go.ke/team_member/hon-justice-paul-lilan/,https://judiciary.go.ke/court-of-appeal-judges/,ACTIVE
534,Hon. Mr. Justice Sila Munyao,True,False,LOW,97.0,Court of Appeal,,,,Judge,Court of Appeal of Kenya,https://judiciary.go.ke/team_member/hon-mr-justice-sila-munyao-2/,https://judiciary.go.ke/court-of-appeal-judges/,ACTIVE
535,Hon. Justice Johnson Okoth Okello,True,False,LOW,97.0,Court of Appeal,,,,Judge,Court of Appeal of Kenya,https://judiciary.go.ke/team_member/hon-justice-johnson-okoth-okello/,https://judiciary.go.ke/court-of-appeal-judges/,ACTIVE
536,Hon. Justice Byram Ongaya,True,False,LOW,97.0,Court of Appeal,,,,Judge,Court of Appeal of Kenya,https://judiciary.go.ke/team_member/hon-mr-justice-byram-ongaya-2/,https://judiciary.go.ke/court-of-appeal-judges/,ACTIVE
544,"Hon. Justice Eric Kennedy Okumu Ogola, EBS",True,False,LOW,97.0,High Court,,,,Principal Judge,High Court of Kenya,https://judiciary.go.ke/team_member/hon-justice-eric-kennedy-okumu-ogola-ebs/,https://judiciary.go.ke/high-court-judges/,ACTIVE
545,Hon. Lady Justice Roseline P V Wendoh,True,False,LOW,97.0,High Court,,,,Judge,High Court of Kenya,https://judiciary.go.ke/team_member/hon-lady-justice-roseline-p-v-wendoh/,https://judiciary.go.ke/high-court-judges/,ACTIVE
546,Hon. Justice Joseph R. Karanja,True,False,LOW,97.0,High Court,,,,Judge,High Court of Kenya,https://judiciary.go.ke/team_member/hon-justice-joseph-r-karanja/,https://judiciary.go.ke/high-court-judges/,ACTIVE
547,Hon. Lady Justice Florence N. Muchemi,True,False,LOW,97.0,High Court,,,,Judge,High Court of Kenya,https://judiciary.go.ke/team_member/hon-lady-justice-florence-n-muchemi/,https://judiciary.go.ke/high-court-judges/,ACTIVE
548,Hon. Lady Justice Maureen Akinyi Odero,True,False,LOW,97.0,High Court,,,,Judge,High Court of Kenya,https://judiciary.go.ke/team_member/hon-lady-justice-maureen-akinyi-odero/,https://judiciary.go.ke/high-court-judges/,ACTIVE
549,Hon. Justice (Dr) Joseph K. Sergon,True,False,LOW,97.0,High Court,,,,Judge,High Court of Kenya,https://judiciary.go.ke/team_member/hon-justice-dr-joseph-k-sergon/,https://judiciary.go.ke/high-court-judges/,ACTIVE
550,Hon Justice Edward Muthoga Muriithi,True,False,LOW,97.0,High Court,,,,Judge,High Court of Kenya,https://judiciary.go.ke/team_member/hon-justice-edward-muthoga-muriithi/,https://judiciary.go.ke/high-court-judges/,ACTIVE
551,Hon. Mr. Justice Kanyi Kimondo,True,False,LOW,97.0,High Court,,,,Judge,High Court of Kenya,https://judiciary.go.ke/team_member/hon-mr-justice-kanyi-kimondo/,https://judiciary.go.ke/high-court-judges/,ACTIVE
552,Hon. Lady Justice Cecilia Githua,True,False,LOW,97.0,High Court,,,,Judge,High Court of Kenya,https://judiciary.go.ke/team_member/hon-lady-justice-cecilia-githua/,https://judiciary.go.ke/high-court-judges/,ACTIVE
553,Hon. Lady Justice Grace Nzioka,True,False,LOW,97.0,High Court,,,,Judge,High Court of Kenya,https://judiciary.go.ke/team_member/hon-lady-justice-grace-nzioka/,https://judiciary.go.ke/high-court-judges/,ACTIVE
554,Hon. Lady Justice Christine Wanjiku Meoli,True,False,LOW,97.0,High Court,,,,Judge,High Court of Kenya,https://judiciary.go.ke/team_member/hon-lady-justice-christine-wanjiku-meoli/,https://judiciary.go.ke/high-court-judges/,ACTIVE
555,Hon. Lady Justice Stella Ngali Mutuku,True,False,LOW,97.0,High Court,,,,Judge,High Court of Kenya,https://judiciary.go.ke/team_member/hon-lady-justice-stella-ngali-mutuku/,https://judiciary.go.ke/high-court-judges/,ACTIVE
556,Hon. Justice James Wakiaga,True,False,LOW,97.0,High Court,,,,Judge,High Court of Kenya,https://judiciary.go.ke/team_member/hon-justice-james-wakiaga/,https://judiciary.go.ke/high-court-judges/,ACTIVE
557,Hon. Lady Justice Rose Edwina Atieno Ougo,True,False,LOW,97.0,High Court,,,,Judge,High Court of Kenya,https://judiciary.go.ke/team_member/hon-lady-justice-rose-edwina-atieno-ougo/,https://judiciary.go.ke/high-court-judges/,ACTIVE
558,Hon. Justice Hilary Kiplagat Chemitei,True,False,LOW,97.0,High Court,,,,Judge,High Court of Kenya,https://judiciary.go.ke/team_member/hon-justice-hilary-kiplagat-chemitei/,https://judiciary.go.ke/high-court-judges/,ACTIVE
559,Hon. Lady Justice Roselyne Lagat – Korir,True,False,LOW,97.0,High Court,,,,Judge,High Court of Kenya,https://judiciary.go.ke/team_member/hon-lady-justice-roselyne-lagat-korir/,https://judiciary.go.ke/high-court-judges/,ACTIVE
560,Hon. Justice Richard Mururu Mwongo,True,False,LOW,97.0,High Court,,,,Judge,High Court of Kenya,https://judiciary.go.ke/team_member/hon-justice-richard-mururu-mwongo/,https://judiciary.go.ke/high-court-judges/,ACTIVE
561,Hon. Justice Alfred Mabeya,True,False,LOW,97.0,High Court,,,,Judge,High Court of Kenya,https://judiciary.go.ke/team_member/hon-justice-alfred-mabeya/,https://judiciary.go.ke/high-court-judges/,ACTIVE
562,Hon. Lady Justice Abigail Mshila,True,False,LOW,97.0,High Court,,,,Judge,High Court of Kenya,https://judiciary.go.ke/team_member/hon-lady-justice-abigael-mshila/,https://judiciary.go.ke/high-court-judges/,ACTIVE
563,Hon. Justice William Musyoka,True,False,LOW,97.0,High Court,,,,Judge,High Court of Kenya,https://judiciary.go.ke/team_member/hon-justice-william-musyoka/,https://judiciary.go.ke/high-court-judges/,ACTIVE
564,Hon.Lady Justice Jacqueline N. Kamau,True,False,LOW,97.0,High Court,,,,Judge,High Court of Kenya,https://judiciary.go.ke/team_member/hon-lady-justice-jacqueline-n-kamau/,https://judiciary.go.ke/high-court-judges/,ACTIVE
565,Hon. Justice Ngaah Jairus,True,False,LOW,97.0,High Court,,,,Judge,High Court of Kenya,https://judiciary.go.ke/team_member/hon-justice-ngaah-jairus/,https://judiciary.go.ke/high-court-judges/,ACTIVE
566,Hon. Justice Francis Gikonyo Muthuku,True,False,LOW,97.0,High Court,,,,Judge,High Court of Kenya,https://judiciary.go.ke/team_member/hon-justice-francis-gikonyo-muthuku/,https://judiciary.go.ke/high-court-judges/,ACTIVE
567,Hon Justice Martin Muya,True,False,LOW,97.0,High Court,,,,Judge,High Court of Kenya,https://judiciary.go.ke/team_member/hon-justice-martin-muya/,https://judiciary.go.ke/high-court-judges/,ACTIVE
568,Hon. Lady Justice Esther Nyambura Maina,True,False,LOW,97.0,High Court,,,,Judge,High Court of Kenya,https://judiciary.go.ke/team_member/hon-lady-justice-esther-nyambura-maina/,https://judiciary.go.ke/high-court-judges/,ACTIVE
569,Hon. Lady Justice Lilian Nambwire Mutende,True,False,LOW,97.0,High Court,,,,Judge,High Court of Kenya,https://judiciary.go.ke/team_member/hon-lady-justice-lilian-nambwire-mutende/,https://judiciary.go.ke/high-court-judges/,ACTIVE
570,Hon. Justice Charles Kariuki,True,False,LOW,97.0,High Court,,,,Judge,High Court of Kenya,https://judiciary.go.ke/team_member/hon-justice-charles-kariuki/,https://judiciary.go.ke/high-court-judges/,ACTIVE
571,Hon Justice Anthony Charo Mrima,True,False,LOW,97.0,High Court,,,,Judge,High Court of Kenya,https://judiciary.go.ke/team_member/hon-justice-anthony-charo-mrima/,https://judiciary.go.ke/high-court-judges/,ACTIVE
572,Hon Justice Robert Limo,True,False,LOW,97.0,High Court,,,,Judge,High Court of Kenya,https://judiciary.go.ke/team_member/hon-justice-robert-limo/,https://judiciary.go.ke/high-court-judges/,ACTIVE
573,Hon. Lady Justice Aburili Roselyne Ekirapa,True,False,LOW,97.0,High Court,,,,Judge,High Court of Kenya,https://judiciary.go.ke/team_member/hon-lady-justice-aburili-roselyne-ekirapa/,https://judiciary.go.ke/high-court-judges/,ACTIVE
574,Hon. Lady Justice Janet Mulwa,True,False,LOW,97.0,High Court,,,,Judge,High Court of Kenya,https://judiciary.go.ke/team_member/hon-lady-justice-janet-mulwa/,https://judiciary.go.ke/high-court-judges/,ACTIVE
575,Hon. Lady Justice Margaret Waringa Muigai,True,False,LOW,97.0,High Court,,,,Judge,High Court of Kenya,https://judiciary.go.ke/team_member/hon-lady-justice-margaret-waringa-muigai/,https://judiciary.go.ke/high-court-judges/,ACTIVE
576,Hon. Justice Stephen Riechi,True,False,LOW,97.0,High Court,,,,Judge,High Court of Kenya,https://judiciary.go.ke/team_member/hon-justice-stephen-riechi/,https://judiciary.go.ke/high-court-judges/,ACTIVE
577,Hon. Lady Justice Olga Akech Sewe,True,False,LOW,97.0,High Court,,,,Judge,High Court of Kenya,https://judiciary.go.ke/team_member/hon-lady-justice-olga-akech-sewe/,https://judiciary.go.ke/high-court-judges/,ACTIVE
578,Hon. Lady Justice Wilfrida A. Okwany- Osodo,True,False,LOW,97.0,High Court,,,,Judge,High Court of Kenya,https://judiciary.go.ke/team_member/hon-lady-justice-wilfrida-a-okwany-osodo/,https://judiciary.go.ke/high-court-judges/,ACTIVE
579,Hon Justice Patrick J. Okwaro Otieno,True,False,LOW,97.0,High Court,,,,Judge,High Court of Kenya,https://judiciary.go.ke/team_member/hon-justice-patrick-j-okwaro-otieno/,https://judiciary.go.ke/high-court-judges/,ACTIVE
580,Hon. Justice Anthony Ndung’u,True,False,LOW,97.0,High Court,,,,Judge,High Court of Kenya,https://judiciary.go.ke/team_member/hon-justice-anthony-ndungu/,https://judiciary.go.ke/high-court-judges/,ACTIVE
581,Hon. Lady Justice Mugure Thande,True,False,LOW,97.0,High Court,,,,Judge,High Court of Kenya,https://judiciary.go.ke/team_member/hon-lady-justice-mugure-thande/,https://judiciary.go.ke/high-court-judges/,ACTIVE
582,Hon. Lady Justice Margaret Njoki Mwangi,True,False,LOW,97.0,High Court,,,,Judge,High Court of Kenya,https://judiciary.go.ke/team_member/hon-lady-justice-margaret-njoki-mwangi/,https://judiciary.go.ke/high-court-judges/,ACTIVE
583,Hon Justice Stephen Murugu Githinji,True,False,LOW,97.0,High Court,,,,Judge,High Court of Kenya,https://judiciary.go.ke/team_member/hon-justice-stephen-murugu-githinji/,https://judiciary.go.ke/high-court-judges/,ACTIVE
584,Hon. Lady Justice Dorah Chepkwony,True,False,LOW,97.0,High Court,,,,Judge,High Court of Kenya,https://judiciary.go.ke/team_member/hon-lady-justice-dorah-chepkwony/,https://judiciary.go.ke/high-court-judges/,ACTIVE
585,Hon. Lady Justice Asenath Nyaboke Kambuni Ongeri,True,False,LOW,97.0,High Court,,,,Judge,High Court of Kenya,https://judiciary.go.ke/team_member/hon-lady-justice-asenath-nyaboke-kambuni-ongeri/,https://judiciary.go.ke/high-court-judges/,ACTIVE
586,Hon. Justice Kiarie Waweru Kiarie,True,False,LOW,97.0,High Court,,,,Judge,High Court of Kenya,https://judiciary.go.ke/team_member/hon-justice-kiarie-waweru-kiarie/,https://judiciary.go.ke/high-court-judges/,ACTIVE
587,Hon. Justice Reuben Nyambati Nyakundi,True,False,LOW,97.0,High Court,,,,Judge,High Court of Kenya,https://judiciary.go.ke/team_member/hon-justice-reuben-nyambati-nyakundi/,https://judiciary.go.ke/high-court-judges/,ACTIVE
588,Hon. Justice Onyiego John Nyabuto,True,False,LOW,97.0,High Court,,,,Judge,High Court of Kenya,https://judiciary.go.ke/team_member/hon-justice-onyiego-john-nyabuto/,https://judiciary.go.ke/high-court-judges/,ACTIVE
589,Hon. Lady Justice Cherere Thripsisa Wanjiku Wamae,True,False,LOW,97.0,High Court,,,,Judge,High Court of Kenya,https://judiciary.go.ke/team_member/hon-lady-justice-cherere-thripsisa-wanjiku-wamae/,https://judiciary.go.ke/high-court-judges/,ACTIVE
590,Hon. Lady Justice Lucy Waruguru Gitari,True,False,LOW,97.0,High Court,,,,Judge,High Court of Kenya,https://judiciary.go.ke/team_member/hon-lady-justice-lucy-waruguru-gitari/,https://judiciary.go.ke/high-court-judges/,ACTIVE
591,Hon. Justice David Kipyegomen Kemei,True,False,LOW,97.0,High Court,,,,Judge,High Court of Kenya,https://judiciary.go.ke/team_member/hon-justice-david-kipyegomen-kemei/,https://judiciary.go.ke/high-court-judges/,ACTIVE
592,Hon. Lady Justice Anne Colleta Apondi Adwera – Ong’injo,True,False,LOW,97.0,High Court,,,,Judge,High Court of Kenya,https://judiciary.go.ke/team_member/hon-lady-justice-anne-colleta-apondi-adwera-onginjo/,https://judiciary.go.ke/high-court-judges/,ACTIVE
593,Hon. Lady Justice Teresia Mumbua Matheka,True,False,LOW,97.0,High Court,,,,Judge,High Court of Kenya,https://judiciary.go.ke/team_member/hon-lady-justice-teresia-mumbua-matheka/,https://judiciary.go.ke/high-court-judges/,ACTIVE
594,Hon. Justice Nyagah Jesse Njagi,True,False,LOW,97.0,High Court,,,,Judge,High Court of Kenya,https://judiciary.go.ke/team_member/hon-justice-nyagah-jesse-njagi/,https://judiciary.go.ke/high-court-judges/,ACTIVE
595,Hon. Lady Justice Patricia Gichohi,True,False,LOW,97.0,High Court,,,,Judge,High Court of Kenya,https://judiciary.go.ke/team_member/hon-lady-justice-patricia-gichohi/,https://judiciary.go.ke/high-court-judges/,ACTIVE
596,Hon. Lady Justice Josephine Wayua Wambua Mongare,True,False,LOW,97.0,High Court,,,,Judge,High Court of Kenya,https://judiciary.go.ke/team_member/hon-lady-justice-josephine-wayua-wambua-mongare/,https://judiciary.go.ke/high-court-judges/,ACTIVE
597,"Hon. Lady Justice Nyaundi Patricia Mande, SC",True,False,LOW,97.0,High Court,,,,Judge,High Court of Kenya,https://judiciary.go.ke/team_member/hon-lady-justice-nyaundi-patricia-mande/,https://judiciary.go.ke/high-court-judges/,ACTIVE
598,Hon. Lady Justice Diana Rachel Kavedza – Mochache,True,False,LOW,97.0,High Court,,,,Judge,High Court of Kenya,https://judiciary.go.ke/team_member/hon-lady-justice-diana-rachel-kavedza-mochache/,https://judiciary.go.ke/high-court-judges/,ACTIVE
599,Hon. Lady Justice Chirchir Sophie Chebet,True,False,LOW,97.0,High Court,,,,Judge,High Court of Kenya,https://judiciary.go.ke/team_member/hon-lady-justice-chirchir-sophie-chebet/,https://judiciary.go.ke/high-court-judges/,ACTIVE
600,Hon. Justice Prof (Dr) Nixon Wanyama Sifuna,True,False,LOW,97.0,High Court,,,,Judge,High Court of Kenya,https://judiciary.go.ke/team_member/hon-justice-prof-dr-nixon-wanyama-sifuna/,https://judiciary.go.ke/high-court-judges/,ACTIVE
601,Hon. Lady Justice Shariff Mwanaisha Saida,True,False,LOW,97.0,High Court,,,,Judge,High Court of Kenya,https://judiciary.go.ke/team_member/hon-lady-justice-shariff-mwanaisha-saida/,https://judiciary.go.ke/high-court-judges/,ACTIVE
602,Hon. Justice Heston Nyaga,True,False,LOW,97.0,High Court,,,,Judge,High Court of Kenya,https://judiciary.go.ke/team_member/hon-justice-heston-nyaga/,https://judiciary.go.ke/high-court-judges/,ACTIVE
603,"Hon. Justice Chigiti John Mugwimi, SC",True,False,LOW,97.0,High Court,,,,Judge,High Court of Kenya,https://judiciary.go.ke/team_member/hon-justice-chigiti-john-mugwimi-sc/,https://judiciary.go.ke/high-court-judges/,ACTIVE
604,Hon. Justice Mulwa Peter Mutua,True,False,LOW,97.0,High Court,,,,Judge,High Court of Kenya,https://judiciary.go.ke/team_member/hon-justice-mulwa-peter-mutua/,https://judiciary.go.ke/high-court-judges/,ACTIVE
605,Hon. Justice Mugambi Lawrence Nthiga,True,False,LOW,97.0,High Court,,,,Judge,High Court of Kenya,https://judiciary.go.ke/team_member/hon-justice-mugambi-lawrence-nthiga/,https://judiciary.go.ke/high-court-judges/,ACTIVE
606,Hon. Justice Gregory Mutai,True,False,LOW,97.0,High Court,,,,Judge,High Court of Kenya,https://judiciary.go.ke/team_member/hon-justice-gregory-mutai/,https://judiciary.go.ke/high-court-judges/,ACTIVE
607,Hon. Justice Wananda John Robert Anuro,True,False,LOW,97.0,High Court,,,,Judge,High Court of Kenya,https://judiciary.go.ke/team_member/hon-justice-wananda-john-robert-anuro/,https://judiciary.go.ke/high-court-judges/,ACTIVE
608,Hon. Justice Mohochi Samuel Mukira,True,False,LOW,97.0,High Court,,,,Judge,High Court of Kenya,https://judiciary.go.ke/team_member/hon-justice-mohochi-samuel-mukira/,https://judiciary.go.ke/high-court-judges/,ACTIVE
609,Hon. Justice Olei Francis Rayola Ochieng Odhiambo,True,False,LOW,97.0,High Court,,,,Judge,High Court of Kenya,https://judiciary.go.ke/team_member/hon-justice-olei-francis-rayola-ochieng-odhiambo/,https://judiciary.go.ke/high-court-judges/,ACTIVE
610,Hon. Lady Justice (Dr). Freda Mugambi,True,False,LOW,97.0,High Court,,,,Judge,High Court of Kenya,https://judiciary.go.ke/team_member/hon-lady-justice-dr-freda-mugambi/,https://judiciary.go.ke/high-court-judges/,ACTIVE
611,Hon. Justice Magare Dennis Kizito Ng’wono,True,False,LOW,97.0,High Court,,,,Judge,High Court of Kenya,https://judiciary.go.ke/team_member/hon-justice-magare-dennis-kizito-ngwono/,https://judiciary.go.ke/high-court-judges/,ACTIVE
612,Hon. Lady Justice Florence Wangari Kabiru,True,False,LOW,97.0,High Court,,,,Judge,High Court of Kenya,https://judiciary.go.ke/team_member/hon-lady-justice-florence-wangari-kabiru/,https://judiciary.go.ke/high-court-judges/,ACTIVE
613,Hon. Lady Justice Odera Teresa Achieng,True,False,LOW,97.0,High Court,,,,Judge,High Court of Kenya,https://judiciary.go.ke/team_member/hon-lady-justice-odera-teresa-achieng/,https://judiciary.go.ke/high-court-judges/,ACTIVE
614,Hon. Justice Visram Aleem Alnashir,True,False,LOW,97.0,High Court,,,,Judge,High Court of Kenya,https://judiciary.go.ke/team_member/hon-justice-visram-aleem-alnashir/,https://judiciary.go.ke/high-court-judges/,ACTIVE
615,Hon. Mr. Justice Moses Ado Otieno,True,False,LOW,97.0,High Court,,,,Judge,High Court of Kenya,https://judiciary.go.ke/team_member/hon-mr-justice-moses-ado-otieno/,https://judiciary.go.ke/high-court-judges/,ACTIVE
616,Hon Lady Justice Ms. Alice Chepngetich Bett Soi,True,False,LOW,97.0,High Court,,,,Judge,High Court of Kenya,https://judiciary.go.ke/team_member/hon-lady-justice-ms-alice-chepngetich-bett-soi/,https://judiciary.go.ke/high-court-judges/,ACTIVE
617,Hon. Mr. Justice Benjamin Mwikya Musyoki,True,False,LOW,97.0,High Court,,,,Judge,High Court of Kenya,https://judiciary.go.ke/team_member/hon-mr-justice-benjamin-mwikya-musyoki/,https://judiciary.go.ke/high-court-judges/,ACTIVE
618,Hon. Mr. Justice John Lolwatan Tamar,True,False,LOW,97.0,High Court,,,,Judge,High Court of Kenya,https://judiciary.go.ke/team_member/hon-mr-justice-john-lolwatan-tamar/,https://judiciary.go.ke/high-court-judges/,ACTIVE
619,"Hon. Mr. Justice Francis Weche Andayi, OGW",True,False,LOW,97.0,High Court,,,,Judge,High Court of Kenya,https://judiciary.go.ke/team_member/hon-mr-justice-francis-weche-andayi-ogw/,https://judiciary.go.ke/high-court-judges/,ACTIVE
620,Hon. Mr. Justice Andrew Bahati Mwamuye,True,False,LOW,97.0,High Court,,,,Judge,High Court of Kenya,https://judiciary.go.ke/team_member/hon-mr-justice-andrew-bahati-mwamuye/,https://judiciary.go.ke/high-court-judges/,ACTIVE
621,Hon. Mr. Justice Julius Kipkosgei Ng’arng’ar,True,False,LOW,97.0,High Court,,,,Judge,High Court of Kenya,https://judiciary.go.ke/team_member/hon-mr-justice-julius-kipkosgei-ngarngar/,https://judiciary.go.ke/high-court-judges/,ACTIVE
622,Hon. Lady Justice Wendy Kagendo Micheni,True,False,LOW,97.0,High Court,,,,Judge,High Court of Kenya,https://judiciary.go.ke/team_member/hon-lady-justice-wendy-kagendo-micheni/,https://judiciary.go.ke/high-court-judges/,ACTIVE
623,Hon. Lady Justice Emily Onyando Ominde,True,False,LOW,97.0,High Court,,,,Judge,High Court of Kenya,https://judiciary.go.ke/team_member/hon-lady-justice-emily-onyando-ominde/,https://judiciary.go.ke/high-court-judges/,ACTIVE
624,Hon. Lady Justice Helene Rafaela Namisi,True,False,LOW,97.0,High Court,,,,Judge,High Court of Kenya,https://judiciary.go.ke/team_member/hon-lady-justice-helene-rafaela-namisi/,https://judiciary.go.ke/high-court-judges/,ACTIVE
625,Hon. Mr. Justice Alexander Muasya Muteti,True,False,LOW,97.0,High Court,,,,Judge,High Court of Kenya,https://judiciary.go.ke/team_member/hon-mr-justice-alexander-muasya-muteti/,https://judiciary.go.ke/high-court-judges/,ACTIVE
626,Hon. Mr. Justice Julius Mukut Nangea,True,False,LOW,97.0,High Court,,,,Judge,High Court of Kenya,https://judiciary.go.ke/team_member/hon-mr-justice-julius-mukut-nangea/,https://judiciary.go.ke/high-court-judges/,ACTIVE
627,Hon. Mr. Justice Benjamin Kimani Njoroge,True,False,LOW,97.0,High Court,,,,Judge,High Court of Kenya,https://judiciary.go.ke/team_member/hon-mr-justice-benjamin-kimani-njoroge/,https://judiciary.go.ke/high-court-judges/,ACTIVE
628,Hon. Lady Justice Caroline Jepyegen Kendagor,True,False,LOW,97.0,High Court,,,,Judge,High Court of Kenya,https://judiciary.go.ke/team_member/hon-lady-justice-caroline-jepyegen-kendagor/,https://judiciary.go.ke/high-court-judges/,ACTIVE
629,Hon. Mr. Justice Stephen Nzisi Mbungi,True,False,LOW,97.0,High Court,,,,Judge,High Court of Kenya,https://judiciary.go.ke/team_member/hon-mr-justice-stephen-nzisi-mbungi/,https://judiciary.go.ke/high-court-judges/,ACTIVE
630,Hon. Mr. Justice Linus Poghon Kassan,True,False,LOW,97.0,High Court,,,,Judge,High Court of Kenya,https://judiciary.go.ke/team_member/hon-mr-justice-linus-poghon-kassan/,https://judiciary.go.ke/high-court-judges/,ACTIVE
631,Hon. Lady Justice Noel Onditi Adagi Inziani,True,False,LOW,97.0,High Court,,,,Judge,High Court of Kenya,https://judiciary.go.ke/team_member/hon-lady-justice-noel-onditi-adagi-inziani/,https://judiciary.go.ke/high-court-judges/,ACTIVE
632,Hon. Lady Justice Tabitha Ouya Wanyama,True,False,LOW,97.0,High Court,,,,Judge,High Court of Kenya,https://judiciary.go.ke/team_member/hon-lady-justice-tabitha-ouya-wanyama/,https://judiciary.go.ke/high-court-judges/,ACTIVE
633,Hon. Lady Justice Rhoda Cherotich Rutto,True,False,LOW,97.0,High Court,,,,Judge,High Court of Kenya,https://judiciary.go.ke/team_member/hon-lady-justice-rhoda-cherotich-rutto/,https://judiciary.go.ke/high-court-judges/,ACTIVE
634,Hon. Mr. Justice Joe Omido Mkutu,True,False,LOW,97.0,High Court,,,,Judge,High Court of Kenya,https://judiciary.go.ke/team_member/hon-mr-justice-joe-omido-mkutu/,https://judiciary.go.ke/high-court-judges/,ACTIVE
635,Hon Justice Robinson Ondieki Kebabe,True,False,LOW,97.0,High Court,,,,Judge,High Court of Kenya,https://judiciary.go.ke/team_member/hon-justice-robinson-ondieki-kebabe/,https://judiciary.go.ke/high-court-judges/,ACTIVE
636,Hon Lady Justice Joyce Mkambe Gandani,True,False,LOW,97.0,High Court,,,,Judge,High Court of Kenya,https://judiciary.go.ke/team_member/hon-lady-justice-joyce-mkambe-gandani/,https://judiciary.go.ke/high-court-judges/,ACTIVE
637,Hon. Justice Joseph Maloba Were,True,False,LOW,97.0,High Court,,,,Judge,High Court of Kenya,https://judiciary.go.ke/team_member/hon-justice-joseph-maloba-were/,https://judiciary.go.ke/high-court-judges/,ACTIVE
638,Hon Lady Justice Roseline Akinyi Oganyo,True,False,LOW,97.0,High Court,,,,Judge,High Court of Kenya,https://judiciary.go.ke/team_member/hon-lady-justice-roseline-akinyi-oganyo/,https://judiciary.go.ke/high-court-judges/,ACTIVE
639,Hon. Justice Paul Kipkosgei Rotich,True,False,LOW,97.0,High Court,,,,Judge,High Court of Kenya,https://judiciary.go.ke/team_member/hon-justice-paul-kipkosgei-rotich/,https://judiciary.go.ke/high-court-judges/,ACTIVE
640,Hon. Justice Dickson Odhiambo Onyango,True,False,LOW,97.0,High Court,,,,Judge,High Court of Kenya,https://judiciary.go.ke/team_member/hon-justice-dickson-odhiambo-onyango/,https://judiciary.go.ke/high-court-judges/,ACTIVE
641,Hon Justice Alex Kimanzi Ithuku,True,False,LOW,97.0,High Court,,,,Judge,High Court of Kenya,https://judiciary.go.ke/team_member/hon-justice-alex-kimanzi-ithuku/,https://judiciary.go.ke/high-court-judges/,ACTIVE
642,Hon Lady Justice Martha Wanzila Mutuku,True,False,LOW,97.0,High Court,,,,Judge,High Court of Kenya,https://judiciary.go.ke/team_member/hon-lady-justice-martha-wanzila-mutuku/,https://judiciary.go.ke/high-court-judges/,ACTIVE
643,Hon Justice Benard Wafula Murunga,True,False,LOW,97.0,High Court,,,,Judge,High Court of Kenya,https://judiciary.go.ke/team_member/hon-justice-benard-wafula-murunga/,https://judiciary.go.ke/high-court-judges/,ACTIVE
644,Hon. Justice Francis Nyungu Kyambia,True,False,LOW,97.0,High Court,,,,Judge,High Court of Kenya,https://judiciary.go.ke/team_member/hon-justice-francis-nyungu-kyambia/,https://judiciary.go.ke/high-court-judges/,ACTIVE
645,Hon Lady Justice Letizia Muthoni Wachira Rwiga,True,False,LOW,97.0,High Court,,,,Judge,High Court of Kenya,https://judiciary.go.ke/team_member/hon-lady-justice-letizia-muthoni-wachira-rwiga/,https://judiciary.go.ke/high-court-judges/,ACTIVE
646,Hon. Justice Kennedy Lenkamai Kandet,True,False,LOW,97.0,High Court,,,,Judge,High Court of Kenya,https://judiciary.go.ke/team_member/hon-justice-kennedy-lenkamai-kandet/,https://judiciary.go.ke/high-court-judges/,ACTIVE
647,Hon. Justice Richard Kipkemoi Koech,True,False,LOW,97.0,High Court,,,,Judge,High Court of Kenya,https://judiciary.go.ke/team_member/hon-justice-richard-kipkemoi-koech/,https://judiciary.go.ke/high-court-judges/,ACTIVE
648,Hon Justice Emmanuel Omondi Bitta,True,False,LOW,97.0,High Court,,,,Judge,High Court of Kenya,https://judiciary.go.ke/team_member/hon-justice-emmanuel-omondi-bitta/,https://judiciary.go.ke/high-court-judges/,ACTIVE
649,Hon. Justice David Wanjohi Mburu,True,False,LOW,97.0,High Court,,,,Judge,High Court of Kenya,https://judiciary.go.ke/team_member/hon-justice-david-wanjohi-mburu/,https://judiciary.go.ke/high-court-judges/,ACTIVE
650,Hon Justice Dominic Kipkemoi Rono,True,False,LOW,97.0,High Court,,,,Judge,High Court of Kenya,https://judiciary.go.ke/team_member/hon-justice-dominic-kipkemoi-rono/,https://judiciary.go.ke/high-court-judges/,ACTIVE
651,Hon Lady Justice Winnie Narasha Molonko,True,False,LOW,97.0,High Court,,,,Judge,High Court of Kenya,https://judiciary.go.ke/team_member/hon-lady-justice-winnie-narasha-molonko/,https://judiciary.go.ke/high-court-judges/,ACTIVE
652,Hon Justice Joseph Kipkoech Biomdo,True,False,LOW,97.0,High Court,,,,Judge,High Court of Kenya,https://judiciary.go.ke/team_member/hon-justice-joseph-kipkoech-biomdo/,https://judiciary.go.ke/high-court-judges/,ACTIVE
653,Hon Lady Justice Anne Mary Auma Okutoyi,True,False,LOW,97.0,High Court,,,,Judge,High Court of Kenya,https://judiciary.go.ke/team_member/hon-lady-justice-anne-mary-auma-okutoyi/,https://judiciary.go.ke/high-court-judges/,ACTIVE
654,Hon Justice Abdi Mohamud Hassan,True,False,LOW,97.0,High Court,,,,Judge,High Court of Kenya,https://judiciary.go.ke/team_member/hon-justice-abdi-mohamud-hassan/,https://judiciary.go.ke/high-court-judges/,ACTIVE
655,Hon Justice Dr. Nabil Mokaya Orina,True,False,LOW,97.0,High Court,,,,Judge,High Court of Kenya,https://judiciary.go.ke/team_member/hon-justice-dr-nabil-mokaya-orina/,https://judiciary.go.ke/high-court-judges/,ACTIVE
656,Hon Lady Justice Patricia Naeku Leparashao,True,False,LOW,97.0,High Court,,,,Judge,High Court of Kenya,https://judiciary.go.ke/team_member/hon-lady-justice-patricia-naeku-leparashao/,https://judiciary.go.ke/high-court-judges/,ACTIVE
657,Hon Lady Justice Catherine Akaigwa Kassim,True,False,LOW,97.0,High Court,,,,Judge,High Court of Kenya,https://judiciary.go.ke/team_member/hon-lady-justice-catherine-akaigwa-kassim/,https://judiciary.go.ke/high-court-judges/,ACTIVE
675,Hon. Mr. Justice Oscar Amugo Angote,True,False,LOW,97.0,Environment and Land Court,,,,Presiding Judge,Environment and Land Court of Kenya,https://judiciary.go.ke/team_member/hon-mr-justice-oscar-amugo-angote/,https://judiciary.go.ke/environment-and-land-court-judges/,ACTIVE
676,Hon. Lady Justice Anne Abongo Omollo,True,False,LOW,97.0,Environment and Land Court,,,,Judge,Environment and Land Court of Kenya,https://judiciary.go.ke/team_member/hon-lady-justice-anne-abongo-omollo/,https://judiciary.go.ke/environment-and-land-court-judges/,ACTIVE
677,Hon Mr. Justice John M. Mutungi,True,False,LOW,97.0,Environment and Land Court,,,,Judge,Environment and Land Court of Kenya,https://judiciary.go.ke/team_member/hon-mr-justice-john-m-mutungi/,https://judiciary.go.ke/environment-and-land-court-judges/,ACTIVE
678,Hon. Mr. Justice Boaz Nathan Olao,True,False,LOW,97.0,Environment and Land Court,,,,Judge,Environment and Land Court of Kenya,https://judiciary.go.ke/team_member/hon-mr-justice-boaz-nathan-olao/,https://judiciary.go.ke/environment-and-land-court-judges/,ACTIVE
679,Hon. Mr. Justice Antony Oteng’o Ombwayo,True,False,LOW,97.0,Environment and Land Court,,,,Judge,Environment and Land Court of Kenya,https://judiciary.go.ke/team_member/hon-mr-justice-antony-otengo-ombwayo/,https://judiciary.go.ke/environment-and-land-court-judges/,ACTIVE
680,Hon. Mr. Justice Antony Kimani Kaniaru,True,False,LOW,97.0,Environment and Land Court,,,,Judge,Environment and Land Court of Kenya,https://judiciary.go.ke/team_member/hon-mr-justice-antony-kimani-kaniaru/,https://judiciary.go.ke/environment-and-land-court-judges/,ACTIVE
681,Hon. Lady Justice Lucy Nyambura Gacheru,True,False,LOW,97.0,Environment and Land Court,,,,Judge,Environment and Land Court of Kenya,https://judiciary.go.ke/team_member/hon-lady-justice-lucy-nyambura-gacheru/,https://judiciary.go.ke/environment-and-land-court-judges/,ACTIVE
682,Hon. Lady Justice Lucy Njoki Waithaka,True,False,LOW,97.0,Environment and Land Court,,,,Judge,Environment and Land Court of Kenya,https://judiciary.go.ke/team_member/hon-lady-justice-lucy-njoki-waithaka/,https://judiciary.go.ke/environment-and-land-court-judges/,ACTIVE
683,Hon. Mr. Justice Stephen Murigi Kibunja,True,False,LOW,97.0,Environment and Land Court,,,,Judge,Environment and Land Court of Kenya,https://judiciary.go.ke/team_member/hon-mr-justice-stephen-murigi-kibunja/,https://judiciary.go.ke/environment-and-land-court-judges/,ACTIVE
684,Hon. Mr. Justice Elijah Ogoti Obaga,True,False,LOW,97.0,Environment and Land Court,,,,Judge,Environment and Land Court of Kenya,https://judiciary.go.ke/team_member/hon-mr-justice-elijah-ogoti-obaga/,https://judiciary.go.ke/environment-and-land-court-judges/,ACTIVE
685,Hon. Lady Justice Antonina Kossy Bor,True,False,LOW,97.0,Environment and Land Court,,,,Judge,Environment and Land Court of Kenya,https://judiciary.go.ke/team_member/hon-lady-justice-antonina-kossy-bor/,https://judiciary.go.ke/environment-and-land-court-judges/,ACTIVE
686,Hon. Lady Justice Onyango Jane Muyoti,True,False,LOW,97.0,Environment and Land Court,,,,Judge,Environment and Land Court of Kenya,https://judiciary.go.ke/team_member/hon-lady-justice-onyango-jane-muyoti/,https://judiciary.go.ke/environment-and-land-court-judges/,ACTIVE
687,Hon. Lady Justice Ochieng Christine E. Atieno,True,False,LOW,97.0,Environment and Land Court,,,,Judge,Environment and Land Court of Kenya,https://judiciary.go.ke/team_member/hon-lady-justice-ochieng-christine-e-atieno/,https://judiciary.go.ke/environment-and-land-court-judges/,ACTIVE
688,Hon. Mr. Justice Eboso Benard Mweresa,True,False,LOW,97.0,Environment and Land Court,,,,Judge,Environment and Land Court of Kenya,https://judiciary.go.ke/team_member/hon-mr-justice-eboso-benard-mweresa/,https://judiciary.go.ke/environment-and-land-court-judges/,ACTIVE
689,Hon. Lady Justice Millicent Odeny,True,False,LOW,97.0,Environment and Land Court,,,,Judge,Environment and Land Court of Kenya,https://judiciary.go.ke/team_member/hon-lady-justice-millicent-odeny/,https://judiciary.go.ke/environment-and-land-court-judges/,ACTIVE
690,Hon. Lady Justice Mbugua Lucy Ngima Hiuhu,True,False,LOW,97.0,Environment and Land Court,,,,Judge,Environment and Land Court of Kenya,https://judiciary.go.ke/team_member/hon-lady-justice-mbugua-lucy-ngima-hiuhu/,https://judiciary.go.ke/environment-and-land-court-judges/,ACTIVE
691,Hon. Lady Justice Matheka Nelly Awori,True,False,LOW,97.0,Environment and Land Court,,,,Judge,Environment and Land Court of Kenya,https://judiciary.go.ke/team_member/hon-lady-justice-matheka-nelly-awori/,https://judiciary.go.ke/environment-and-land-court-judges/,ACTIVE
692,Hon. Mr. Justice Angima Yuvinalis Maronga,True,False,LOW,97.0,Environment and Land Court,,,,Judge,Environment and Land Court of Kenya,https://judiciary.go.ke/team_member/hon-mr-justice-angima-yuvinalis-maronga/,https://judiciary.go.ke/environment-and-land-court-judges/,ACTIVE
693,Hon. Mr. Justice Yano Charles Kimutai,True,False,LOW,97.0,Environment and Land Court,,,,Judge,Environment and Land Court of Kenya,https://judiciary.go.ke/team_member/hon-mr-justice-yano-charles-kimutai/,https://judiciary.go.ke/environment-and-land-court-judges/,ACTIVE
694,Hon. Mr. Justice Kullow Mohamed Noor,True,False,LOW,97.0,Environment and Land Court,,,,Judge,Environment and Land Court of Kenya,https://judiciary.go.ke/team_member/hon-mr-justice-kullow-mohamed-noor/,https://judiciary.go.ke/environment-and-land-court-judges/,ACTIVE
695,Hon. Mr. Justice Olola James Otieno,True,False,LOW,97.0,Environment and Land Court,,,,Judge,Environment and Land Court of Kenya,https://judiciary.go.ke/team_member/hon-mr-justice-olola-james-otieno/,https://judiciary.go.ke/environment-and-land-court-judges/,ACTIVE
696,Hon. Lady Justice Mary Clausina Oundo,True,False,LOW,97.0,Environment and Land Court,,,,Judge,Environment and Land Court of Kenya,https://judiciary.go.ke/team_member/hon-lady-justice-mary-clausina-oundo/,https://judiciary.go.ke/environment-and-land-court-judges/,ACTIVE
697,Hon. Mr. Justice Njoroge Francis Mwangi,True,False,LOW,97.0,Environment and Land Court,,,,Judge,Environment and Land Court of Kenya,https://judiciary.go.ke/team_member/hon-mr-justice-njoroge-francis-mwangi/,https://judiciary.go.ke/environment-and-land-court-judges/,ACTIVE
698,Hon. Lady Justice J.G. Kemei,True,False,LOW,97.0,Environment and Land Court,,,,Judge,Environment and Land Court of Kenya,https://judiciary.go.ke/team_member/hon-lady-justice-j-g-kemei/,https://judiciary.go.ke/environment-and-land-court-judges/,ACTIVE
699,Hon. Lady Justice Komingoi Loice Chepkemoi,True,False,LOW,97.0,Environment and Land Court,,,,Judge,Environment and Land Court of Kenya,https://judiciary.go.ke/team_member/hon-lady-justice-komingoi-loice-chepkemoi/,https://judiciary.go.ke/environment-and-land-court-judges/,ACTIVE
700,Hon. Mr. Justice Ohungo Dalmas Omondi,True,False,LOW,97.0,Environment and Land Court,,,,Judge,Environment and Land Court of Kenya,https://judiciary.go.ke/team_member/hon-mr-justice-ohungo-dalmas-omondi/,https://judiciary.go.ke/environment-and-land-court-judges/,ACTIVE
701,Hon. Mr. Justice Cherono Enock,True,False,LOW,97.0,Environment and Land Court,,,,Judge,Environment and Land Court of Kenya,https://judiciary.go.ke/team_member/hon-mr-justice-cherono-enock/,https://judiciary.go.ke/environment-and-land-court-judges/,ACTIVE
702,Hon. Mr. Justice Ongondo George M. Atunga,True,False,LOW,97.0,Environment and Land Court,,,,Judge,Environment and Land Court of Kenya,https://judiciary.go.ke/team_member/hon-mr-justice-ongondo-george-m-atunga/,https://judiciary.go.ke/environment-and-land-court-judges/,ACTIVE
703,Hon. Mr. Justice Mbogo Charles Gitonga,True,False,LOW,97.0,Environment and Land Court,,,,Judge,Environment and Land Court of Kenya,https://judiciary.go.ke/team_member/hon-mr-justice-mbogo-charles-gitonga/,https://judiciary.go.ke/environment-and-land-court-judges/,ACTIVE
704,Hon. Mr. Justice Mboya Oguttu Joseph,True,False,LOW,97.0,Environment and Land Court,,,,Judge,Environment and Land Court of Kenya,https://judiciary.go.ke/team_member/hon-mr-justice-mboya-oguttu-joseph/,https://judiciary.go.ke/environment-and-land-court-judges/,ACTIVE
705,Hon. Mr. Justice Naikuni Lucas Leperes,True,False,LOW,97.0,Environment and Land Court,,,,Judge,Environment and Land Court of Kenya,https://judiciary.go.ke/team_member/hon-mr-justice-naikuni-lucas-leperes/,https://judiciary.go.ke/environment-and-land-court-judges/,ACTIVE
706,Hon. Mr. Justice Mwanyale Michael Ngolo,True,False,LOW,97.0,Environment and Land Court,,,,Judge,Environment and Land Court of Kenya,https://judiciary.go.ke/team_member/hon-mr-justice-mwanyale-michael-ngolo/,https://judiciary.go.ke/environment-and-land-court-judges/,ACTIVE
707,Hon. Lady Justice Addraya Edda Dena,True,False,LOW,97.0,Environment and Land Court,,,,Judge,Environment and Land Court of Kenya,https://judiciary.go.ke/team_member/hon-lady-justice-addraya-edda-dena/,https://judiciary.go.ke/environment-and-land-court-judges/,ACTIVE
708,Hon. Lady Justice Kimani Lilian Gathoni,True,False,LOW,97.0,Environment and Land Court,,,,Judge,Environment and Land Court of Kenya,https://judiciary.go.ke/team_member/hon-lady-justice-kimani-lilian-gathoni/,https://judiciary.go.ke/environment-and-land-court-judges/,ACTIVE
709,Hon. Mr. Justice Kamau Joseph Mugo,True,False,LOW,97.0,Environment and Land Court,,,,Judge,Environment and Land Court of Kenya,https://judiciary.go.ke/team_member/hon-mr-justice-kamau-joseph-mugo/,https://judiciary.go.ke/environment-and-land-court-judges/,ACTIVE
710,Hon. Mr. Justice Wabwoto Karoph Edward,True,False,LOW,97.0,Environment and Land Court,,,,Judge,Environment and Land Court of Kenya,https://judiciary.go.ke/team_member/hon-mr-justice-wabwoto-karoph-edward/,https://judiciary.go.ke/environment-and-land-court-judges/,ACTIVE
711,Hon. Lady Justice Koross Anne Yatich Kipingor,True,False,LOW,97.0,Environment and Land Court,,,,Judge,Environment and Land Court of Kenya,https://judiciary.go.ke/team_member/hon-lady-justice-koross-anne-yatich-kipingor/,https://judiciary.go.ke/environment-and-land-court-judges/,ACTIVE
712,Hon. Mr. Justice Gicheru Maxwell Nduiga,True,False,LOW,97.0,Environment and Land Court,,,,Judge,Environment and Land Court of Kenya,https://judiciary.go.ke/team_member/hon-mr-justice-gicheru-maxwell-nduiga/,https://judiciary.go.ke/environment-and-land-court-judges/,ACTIVE
713,Hon. Lady Justice Mogeni Ann Jacqueline Akhalemesi,True,False,LOW,97.0,Environment and Land Court,,,,Judge,Environment and Land Court of Kenya,https://judiciary.go.ke/team_member/hon-lady-justice-mogeni-ann-jacqueline-akhalemesi/,https://judiciary.go.ke/environment-and-land-court-judges/,ACTIVE
714,Hon. (Dr). Justice Onga- rora Fred Nyagaka,True,False,LOW,97.0,Environment and Land Court,,,,Judge,Environment and Land Court of Kenya,https://judiciary.go.ke/team_member/hon-dr-justice-onga-rora-fred-nyagaka/,https://judiciary.go.ke/environment-and-land-court-judges/,ACTIVE
715,Hon. Mr. Justice Christopher Kyania Nzili,True,False,LOW,97.0,Environment and Land Court,,,,Judge,Environment and Land Court of Kenya,https://judiciary.go.ke/team_member/hon-mr-justice-christopher-kyania-nzili/,https://judiciary.go.ke/environment-and-land-court-judges/,ACTIVE
716,Hon. Mr. Justice Mugo David Mwangi,True,False,LOW,97.0,Environment and Land Court,,,,Judge,Environment and Land Court of Kenya,https://judiciary.go.ke/team_member/hon-mr-justice-mugo-david-mwangi/,https://judiciary.go.ke/environment-and-land-court-judges/,ACTIVE
717,Hon. Lady Justice Omollo Lynette Achieng,True,False,LOW,97.0,Environment and Land Court,,,,Judge,Environment and Land Court of Kenya,https://judiciary.go.ke/team_member/hon-lady-justice-omollo-lynette-achieng/,https://judiciary.go.ke/environment-and-land-court-judges/,ACTIVE
718,Hon. Mr. Justice Washe Emmanuel Mutwana,True,False,LOW,97.0,Environment and Land Court,,,,Judge,Environment and Land Court of Kenya,https://judiciary.go.ke/team_member/hon-mr-justice-washe-emmanuel-mutwana/,https://judiciary.go.ke/environment-and-land-court-judges/,ACTIVE
719,Hon. Lady Justice Nyukuri Annet,True,False,LOW,97.0,Environment and Land Court,,,,Judge,Environment and Land Court of Kenya,https://judiciary.go.ke/team_member/hon-lady-justice-nyukuri-annet/,https://judiciary.go.ke/environment-and-land-court-judges/,ACTIVE
720,Hon. Lady Justice Murigi Theresa Wairimu,True,False,LOW,97.0,Environment and Land Court,,,,Judge,Environment and Land Court of Kenya,https://judiciary.go.ke/team_member/hon-lady-justice-murigi-theresa-wairimu/,https://judiciary.go.ke/environment-and-land-court-judges/,ACTIVE
721,Hon. Lady Justice Asati Esther,True,False,LOW,97.0,Environment and Land Court,,,,Judge,Environment and Land Court of Kenya,https://judiciary.go.ke/team_member/hon-lady-justice-asati-esther/,https://judiciary.go.ke/environment-and-land-court-judges/,ACTIVE
722,Hon. Mr. Justice Evans Makori,True,False,LOW,97.0,Environment and Land Court,,,,Judge,Environment and Land Court of Kenya,https://judiciary.go.ke/team_member/hon-mr-justice-evans-makori/,https://judiciary.go.ke/environment-and-land-court-judges/,ACTIVE
723,Hon. Lady Justice Judy Omange Cheruiyot,True,False,LOW,97.0,Environment and Land Court,,,,Judge,Environment and Land Court of Kenya,https://judiciary.go.ke/team_member/hon-lady-justice-judy-omange-cheruiyot/,https://judiciary.go.ke/environment-and-land-court-judges/,ACTIVE
724,Hon Justice John Walter Wanyonyi,True,False,LOW,97.0,Environment and Land Court,,,,Judge,Environment and Land Court of Kenya,https://judiciary.go.ke/team_member/hon-justice-john-walter-wanyonyi/,https://judiciary.go.ke/environment-and-land-court-judges/,ACTIVE
725,Hon Lady Justice Jecinta Atieno Orwa,True,False,LOW,97.0,Environment and Land Court,,,,Judge,Environment and Land Court of Kenya,https://judiciary.go.ke/team_member/hon-lady-justice-jecinta-atieno-orwa/,https://judiciary.go.ke/environment-and-land-court-judges/,ACTIVE
726,Hon Justice Peter Muneeno Musyimi,True,False,LOW,97.0,Environment and Land Court,,,,Judge,Environment and Land Court of Kenya,https://judiciary.go.ke/team_member/hon-justice-peter-muneeno-musyimi/,https://judiciary.go.ke/environment-and-land-court-judges/,ACTIVE
727,Hon Justice Cyprian Mugambi Nguthari,True,False,LOW,97.0,Environment and Land Court,,,,Judge,Environment and Land Court of Kenya,https://judiciary.go.ke/team_member/hon-justice-cyprian-mugambi-nguthari/,https://judiciary.go.ke/environment-and-land-court-judges/,ACTIVE
728,Lady Justice Charity Chebii Oluoch,True,False,LOW,97.0,Environment and Land Court,,,,Judge,Environment and Land Court of Kenya,https://judiciary.go.ke/team_member/lady-justice-charity-chebii-oluoch/,https://judiciary.go.ke/environment-and-land-court-judges/,ACTIVE
729,Hon Lady Justice Elena Gathoni Nderitu,True,False,LOW,97.0,Environment and Land Court,,,,Judge,Environment and Land Court of Kenya,https://judiciary.go.ke/team_member/hon-lady-justice-elena-gathoni-nderitu/,https://judiciary.go.ke/environment-and-land-court-judges/,ACTIVE
730,Hon Justice Gerhard Gitonga Muchege,True,False,LOW,97.0,Environment and Land Court,,,,Judge,Environment and Land Court of Kenya,https://judiciary.go.ke/team_member/hon-justice-gerhard-gitonga-muchege/,https://judiciary.go.ke/environment-and-land-court-judges/,ACTIVE
731,Hon Justice Charles Nchore Ondieki,True,False,LOW,97.0,Environment and Land Court,,,,Judge,Environment and Land Court of Kenya,https://judiciary.go.ke/team_member/hon-justice-charles-nchore-ondieki/,https://judiciary.go.ke/environment-and-land-court-judges/,ACTIVE
732,Hon Justice Dr. Robert Omondi Owino,True,False,LOW,97.0,Environment and Land Court,,,,Judge,Environment and Land Court of Kenya,https://judiciary.go.ke/team_member/hon-justice-dr-robert-omondi-owino/,https://judiciary.go.ke/environment-and-land-court-judges/,ACTIVE
733,Hon Lady Justice Bellinda Akoth Akello,True,False,LOW,97.0,Environment and Land Court,,,,Judge,Environment and Land Court of Kenya,https://judiciary.go.ke/team_member/hon-lady-justice-bellinda-akoth-akello/,https://judiciary.go.ke/environment-and-land-court-judges/,ACTIVE
734,Hon Lady Justice Lilian Tsuma Lewa,True,False,LOW,97.0,Environment and Land Court,,,,Judge,Environment and Land Court of Kenya,https://judiciary.go.ke/team_member/hon-lady-justice-lilian-tsuma-lewa/,https://judiciary.go.ke/environment-and-land-court-judges/,ACTIVE
735,Hon Justice Ben Mark Ekhubi,True,False,LOW,97.0,Environment and Land Court,,,,Judge,Environment and Land Court of Kenya,https://judiciary.go.ke/team_member/hon-justice-ben-mark-ekhubi/,https://judiciary.go.ke/environment-and-land-court-judges/,ACTIVE
736,Hon Justice Josphat Ngeria Kuyioni,True,False,LOW,97.0,Environment and Land Court,,,,Judge,Environment and Land Court of Kenya,https://judiciary.go.ke/team_member/hon-justice-josphat-ngeria-kuyioni/,https://judiciary.go.ke/environment-and-land-court-judges/,ACTIVE
737,"Hon. Justice Martha Koome, EGH",True,False,LOW,97.0,Supreme Court,,,,Chief Justice and President,Supreme Court of Kenya,https://judiciary.go.ke/team_member/hon-justice-martha-koome-egh/,https://judiciary.go.ke/supreme-court-judges/,ACTIVE
738,"Hon. Justice Philomena Mbete Mwilu, EGH",True,False,LOW,97.0,Supreme Court,,,,Deputy Chief Justice and Vice President,Supreme Court of Kenya,https://judiciary.go.ke/team_member/hon-justice-philomena-mbete-mwilu/,https://judiciary.go.ke/supreme-court-judges/,ACTIVE
739,"Hon. Justice (Dr.) Smokin Wanjala, CBS",True,False,LOW,97.0,Supreme Court,,,,Judge,Supreme Court of Kenya,https://judiciary.go.ke/team_member/hon-justice-dr-smokin-wanjala/,https://judiciary.go.ke/supreme-court-judges/,ACTIVE
740,"Hon. Lady Justice Njoki Ndungu, CBS",True,False,LOW,97.0,Supreme Court,,,,Judge,Supreme Court of Kenya,https://judiciary.go.ke/team_member/hon-lady-justice-njoki-ndungu/,https://judiciary.go.ke/supreme-court-judges/,ACTIVE
741,"Hon. Mr. Justice Isaac Lenaola, CBS",True,False,LOW,97.0,Supreme Court,,,,Judge,Supreme Court of Kenya,https://judiciary.go.ke/team_member/hon-mr-justice-isaac-lenaola/,https://judiciary.go.ke/supreme-court-judges/,ACTIVE
742,"Hon. Mr. Justice William Ouko, CBS",True,False,LOW,97.0,Supreme Court,,,,Judge,Supreme Court of Kenya,https://judiciary.go.ke/team_member/hon-mr-justice-william-ouko/,https://judiciary.go.ke/supreme-court-judges/,ACTIVE
743,"Hon. Justice Mohamed Abdulahi Warsame, EBS",True,False,LOW,97.0,Supreme Court,,,,Judge,Supreme Court of Kenya,https://judiciary.go.ke/team_member/hon-justice-mohamed-abdulahi-warsame/,https://judiciary.go.ke/supreme-court-judges/,ACTIVE
744,Hon. Lady Justice Maureen Onyango,True,False,LOW,97.0,Employment and Labour Relations Court,,,,Judge,Employment and Labour Relations Court of Kenya,https://judiciary.go.ke/team_member/hon-lady-justice-maureen-onyango/,https://judiciary.go.ke/employment-and-labour-relations-court-judges/,ACTIVE
745,Hon. Lady Justice Monica Mbaru,True,False,LOW,97.0,Employment and Labour Relations Court,,,,Principal Judge,Employment and Labour Relations Court of Kenya,https://judiciary.go.ke/team_member/hon-lady-justice-monica-mbaru/,https://judiciary.go.ke/employment-and-labour-relations-court-judges/,ACTIVE
746,Hon. Mr. Justice DK Njagi Marete,True,False,LOW,97.0,Employment and Labour Relations Court,,,,Judge,Employment and Labour Relations Court of Kenya,https://judiciary.go.ke/team_member/hon-mr-justice-dk-njagi-marete/,https://judiciary.go.ke/employment-and-labour-relations-court-judges/,ACTIVE
747,Hon. Mr. Justice Abuodha Jorum Nelson,True,False,LOW,97.0,Employment and Labour Relations Court,,,,Judge,Employment and Labour Relations Court of Kenya,https://judiciary.go.ke/team_member/hon-mr-justice-abuodha-jorum-nelson/,https://judiciary.go.ke/employment-and-labour-relations-court-judges/,ACTIVE
748,Hon. Lady Justice Hellen Wasilwa,True,False,LOW,97.0,Employment and Labour Relations Court,,,,Judge,Employment and Labour Relations Court of Kenya,https://judiciary.go.ke/team_member/hon-lady-justice-hellen-wasilwa/,https://judiciary.go.ke/employment-and-labour-relations-court-judges/,ACTIVE
749,Hon. Mr. Justice James Rika,True,False,LOW,97.0,Employment and Labour Relations Court,,,,Judge,Employment and Labour Relations Court of Kenya,https://judiciary.go.ke/team_member/hon-mr-justice-james-rika/,https://judiciary.go.ke/employment-and-labour-relations-court-judges/,ACTIVE
750,Hon. Mr. Justice Onesmus Makau,True,False,LOW,97.0,Employment and Labour Relations Court,,,,Judge,Employment and Labour Relations Court of Kenya,https://judiciary.go.ke/team_member/hon-mr-justice-onesmus-makau/,https://judiciary.go.ke/employment-and-labour-relations-court-judges/,ACTIVE
751,Hon. Mr. Justice Nzioki Wa Makau,True,False,LOW,97.0,Employment and Labour Relations Court,,,,Judge,Employment and Labour Relations Court of Kenya,https://judiciary.go.ke/team_member/hon-mr-justice-nzioki-wa-makau/,https://judiciary.go.ke/employment-and-labour-relations-court-judges/,ACTIVE
752,Hon. Lady Justice Baari Christine Noontatua,True,False,LOW,97.0,Employment and Labour Relations Court,,,,Judge,Employment and Labour Relations Court of Kenya,https://judiciary.go.ke/team_member/hon-lady-justice-baari-christine-noontatua/,https://judiciary.go.ke/employment-and-labour-relations-court-judges/,ACTIVE
753,Hon. Mr. Justice Gakeri Jacob Kariuki,True,False,LOW,97.0,Employment and Labour Relations Court,,,,Judge,Employment and Labour Relations Court of Kenya,https://judiciary.go.ke/team_member/hon-mr-justice-gakeri-jacob-kariuki/,https://judiciary.go.ke/employment-and-labour-relations-court-judges/,ACTIVE
754,Hon. Lady Justice Keli Jemimah Wanza,True,False,LOW,97.0,Employment and Labour Relations Court,,,,Judge,Employment and Labour Relations Court of Kenya,https://judiciary.go.ke/team_member/hon-lady-justice-keli-jemimah-wanza/,https://judiciary.go.ke/employment-and-labour-relations-court-judges/,ACTIVE
755,Hon. Lady Justice Mwaure Ann Ngibuini,True,False,LOW,97.0,Employment and Labour Relations Court,,,,Judge,Employment and Labour Relations Court of Kenya,https://judiciary.go.ke/team_member/hon-lady-justice-mwaure-ann-ngibuini/,https://judiciary.go.ke/employment-and-labour-relations-court-judges/,ACTIVE
756,Hon. Mr. Justice Matanga Benard Odongo Manani,True,False,LOW,97.0,Employment and Labour Relations Court,,,,Judge,Employment and Labour Relations Court of Kenya,https://judiciary.go.ke/team_member/hon-mr-justice-matanga-benard-odongo-manani/,https://judiciary.go.ke/employment-and-labour-relations-court-judges/,ACTIVE
757,Hon. lady Justice Rutto Stella Chemtai,True,False,LOW,97.0,Employment and Labour Relations Court,,,,Judge,Employment and Labour Relations Court of Kenya,https://judiciary.go.ke/team_member/hon-lady-justice-rutto-stella-chemtai/,https://judiciary.go.ke/employment-and-labour-relations-court-judges/,ACTIVE
758,Hon. Mr. Justice Kebira Ocharo,True,False,LOW,97.0,Employment and Labour Relations Court,,,,Judge,Employment and Labour Relations Court of Kenya,https://judiciary.go.ke/team_member/hon-mr-justice-kebira-ocharo/,https://judiciary.go.ke/employment-and-labour-relations-court-judges/,ACTIVE
759,Hon. Lady Justice Kitiku Agnes Mueni-Nzei,True,False,LOW,97.0,Employment and Labour Relations Court,,,,Judge,Employment and Labour Relations Court of Kenya,https://judiciary.go.ke/team_member/hon-lady-justice-kitiku-agnes-mueni-nzei/,https://judiciary.go.ke/employment-and-labour-relations-court-judges/,ACTIVE
760,Hon. Mr. Justice Nderitu David Njagi,True,False,LOW,97.0,Employment and Labour Relations Court,,,,Judge,Employment and Labour Relations Court of Kenya,https://judiciary.go.ke/team_member/hon-mr-justice-nderitu-david-njagi/,https://judiciary.go.ke/employment-and-labour-relations-court-judges/,ACTIVE
761,H.E. Hon. AbdullSwamad Shariff Nassir,True,False,LOW,97.0,Governors,,,Mombasa,Governor,Council of Governors of Kenya,,https://cog.go.ke/current-governors/,ACTIVE
762,H.E Fatuma Mohamed Achani,True,False,LOW,97.0,Governors,,,Kwale,Governor,Council of Governors of Kenya,,https://cog.go.ke/current-governors/,ACTIVE
763,"H.E Gideon Maitha Mung’aro, OGW",True,False,LOW,97.0,Governors,,,Kilifi,Governor,Council of Governors of Kenya,,https://cog.go.ke/current-governors/,ACTIVE
764,H.E Maj. (Rtd) Dr. Dhadho Gaddae Godhana,True,False,LOW,97.0,Governors,,,Tana River,Governor,Council of Governors of Kenya,,https://cog.go.ke/current-governors/,ACTIVE
765,"H.E Issa Abdalla Timamy, EGH",True,False,LOW,97.0,Governors,,,Lamu,Governor,Council of Governors of Kenya,,https://cog.go.ke/current-governors/,ACTIVE
766,H.E  Dr. Andrew Mwadime,True,False,LOW,97.0,Governors,,,Taita-Taveta,Governor,Council of Governors of Kenya,,https://cog.go.ke/current-governors/,ACTIVE
767,"H.E Nathif Adam Jama, EGH",True,False,LOW,97.0,Governors,,,Garissa,Governor,Council of Governors of Kenya,,https://cog.go.ke/current-governors/,ACTIVE
768,"H.E FCPA Ahmed Abdullahi, EGH",True,False,LOW,97.0,Governors,,,Wajir,Governor,Council of Governors of Kenya,,https://cog.go.ke/current-governors/,ACTIVE
769,"H.E Mohamed Adan Khalif, EGH",True,False,LOW,97.0,Governors,,,Mandera,Governor,Council of Governors of Kenya,,https://cog.go.ke/current-governors/,ACTIVE
770,"H.E Mohamud Mohamed Ali, EGH",True,False,LOW,97.0,Governors,,,Marsabit,Governor,Council of Governors of Kenya,,https://cog.go.ke/current-governors/,ACTIVE
771,"H.E Abdi Ibrahim Hassan, EGH",True,False,LOW,97.0,Governors,,,Isiolo,Governor,Council of Governors of Kenya,,https://cog.go.ke/current-governors/,ACTIVE
772,H.E Isaac Mutuma M’ethingia,True,False,LOW,97.0,Governors,,,Meru,Governor,Council of Governors of Kenya,,https://cog.go.ke/current-governors/,ACTIVE
773,"H.E Hon. Muthomi Njuki, EGH",True,False,LOW,97.0,Governors,,,Tharaka-Nithi,Governor,Council of Governors of Kenya,,https://cog.go.ke/current-governors/,ACTIVE
774,"H.E Cecily Mutitu Mbarire, EGH, MGH",True,False,LOW,97.0,Governors,,,Embu,Governor,Council of Governors of Kenya,,https://cog.go.ke/current-governors/,ACTIVE
775,"H.E Dr. Julius Makau Malombe, EGH",True,False,LOW,97.0,Governors,,,Kitui,Governor,Council of Governors of Kenya,,https://cog.go.ke/current-governors/,ACTIVE
776,"H.E Wavinya Ndeti, EGH",True,False,LOW,97.0,Governors,,,Machakos,Governor,Council of Governors of Kenya,,https://cog.go.ke/current-governors/,ACTIVE
777,"H.E Mutula Kilonzo JR, CBS",True,False,LOW,97.0,Governors,,,Makueni,Governor,Council of Governors of Kenya,,https://cog.go.ke/current-governors/,ACTIVE
778,H.E Dr. Moses Ndirangu Kiarie Badilisha,True,False,LOW,97.0,Governors,,,Nyandarua,Governor,Council of Governors of Kenya,,https://cog.go.ke/current-governors/,ACTIVE
779,"H.E Dr. Edward Mutahi Kahiga, EGH",True,False,LOW,97.0,Governors,,,Nyeri,Governor,Council of Governors of Kenya,,https://cog.go.ke/current-governors/,ACTIVE
780,"H.E Anne Mumbi Waiguru, EGH, OGW",True,False,LOW,97.0,Governors,,,Kirinyaga,Governor,Council of Governors of Kenya,,https://cog.go.ke/current-governors/,ACTIVE
781,"H.E Dr. Irungu Kangata, CBS",True,False,LOW,97.0,Governors,,,Murang’a,Governor,Council of Governors of Kenya,,https://cog.go.ke/current-governors/,ACTIVE
782,"H.E Dr. Paul Kimani Wamatangi, EGH",True,False,LOW,97.0,Governors,,,Kiambu,Governor,Council of Governors of Kenya,,https://cog.go.ke/current-governors/,ACTIVE
783,H.E Jeremiah Ekamais Lomorukai,True,False,LOW,97.0,Governors,,,Turkana,Governor,Council of Governors of Kenya,,https://cog.go.ke/current-governors/,ACTIVE
784,"H.E Simon Kachapin Kitalei, EGH, CBS",True,False,LOW,97.0,Governors,,,West Pokot,Governor,Council of Governors of Kenya,,https://cog.go.ke/current-governors/,ACTIVE
785,H.E Jonathan Lelelit Lati,True,False,LOW,97.0,Governors,,,Samburu,Governor,Council of Governors of Kenya,,https://cog.go.ke/current-governors/,ACTIVE
786,H.E Hon. George Natembeya MBS,True,False,LOW,97.0,Governors,,,Trans Nzoia,Governor,Council of Governors of Kenya,,https://cog.go.ke/current-governors/,ACTIVE
787,"H.E Jonathan Bii, EGH",True,False,LOW,97.0,Governors,,,Uasin Gishu,Governor,Council of Governors of Kenya,,https://cog.go.ke/current-governors/,ACTIVE
788,H.E Wisley Rotich,True,False,LOW,97.0,Governors,,,Elgeyo-Marakwet,Governor,Council of Governors of Kenya,,https://cog.go.ke/current-governors/,ACTIVE
789,"H.E Stephen Kipyego Sang, EGH",True,False,LOW,97.0,Governors,,,Nandi,Governor,Council of Governors of Kenya,,https://cog.go.ke/current-governors/,ACTIVE
790,"H.E Benjamin Chesire Cheboi, EGH, EBS",True,False,LOW,97.0,Governors,,,Baringo,Governor,Council of Governors of Kenya,,https://cog.go.ke/current-governors/,ACTIVE
791,"H.E Joshua Wakahora Irungu, EGH",True,False,LOW,97.0,Governors,,,Laikipia,Governor,Council of Governors of Kenya,,https://cog.go.ke/current-governors/,ACTIVE
792,"H.E Susan Wakarura Kihika, EGH",True,False,LOW,97.0,Governors,,,Nakuru,Governor,Council of Governors of Kenya,,https://cog.go.ke/current-governors/,ACTIVE
793,H.E Patrick Keturet Ole Ntutu,True,False,LOW,97.0,Governors,,,Narok,Governor,Council of Governors of Kenya,,https://cog.go.ke/current-governors/,ACTIVE
794,"H.E Joseph Jama Ole Lenku, EGH",True,False,LOW,97.0,Governors,,,Kajiado,Governor,Council of Governors of Kenya,,https://cog.go.ke/current-governors/,ACTIVE
795,H.E Dr. Erick Kipkoech Mutai,True,False,LOW,97.0,Governors,,,Kericho,Governor,Council of Governors of Kenya,,https://cog.go.ke/current-governors/,ACTIVE
796,"H.E Hon. Prof. Hillary K Barchok, EGH",True,False,LOW,97.0,Governors,,,Bomet,Governor,Council of Governors of Kenya,,https://cog.go.ke/current-governors/,ACTIVE
797,"H.E FCPA Fernandes Barasa, OGW",True,False,LOW,97.0,Governors,,,Kakamega,Governor,Council of Governors of Kenya,,https://cog.go.ke/current-governors/,ACTIVE
798,"H.E Hon. Dr. Wilber Khasilwa Ottichilo, EGH",True,False,LOW,97.0,Governors,,,Vihiga,Governor,Council of Governors of Kenya,,https://cog.go.ke/current-governors/,ACTIVE
799,"H.E Kenneth Makelo Lusaka, EGH",True,False,LOW,97.0,Governors,,,Bungoma,Governor,Council of Governors of Kenya,,https://cog.go.ke/current-governors/,ACTIVE
800,"H.E Dr. Paul Nyongesa Otuoma, EGH",True,False,LOW,97.0,Governors,,,Busia,Governor,Council of Governors of Kenya,,https://cog.go.ke/current-governors/,ACTIVE
801,"H.E James Orengo, EGH",True,False,LOW,97.0,Governors,,,Siaya,Governor,Council of Governors of Kenya,,https://cog.go.ke/current-governors/,ACTIVE
802,"H.E Hon. Prof. Peter Anyang’ Nyong’o, EGH",True,False,LOW,97.0,Governors,,,Kisumu,Governor,Council of Governors of Kenya,,https://cog.go.ke/current-governors/,ACTIVE
803,"H.E Gladys Atieno Nyasuna Wanga, EGH, CBS",True,False,LOW,97.0,Governors,,,Homa Bay,Governor,Council of Governors of Kenya,,https://cog.go.ke/current-governors/,ACTIVE
804,"H.E Dr. George Ochilo M. Ayacko, EGH",True,False,LOW,97.0,Governors,,,Migori,Governor,Council of Governors of Kenya,,https://cog.go.ke/current-governors/,ACTIVE
805,H.E Hon. Paul Simba Arati,True,False,LOW,97.0,Governors,,,Kisii,Governor,Council of Governors of Kenya,,https://cog.go.ke/current-governors/,ACTIVE
806,H.E Amos Kimwomi Nyaribo,True,False,LOW,97.0,Governors,,,Nyamira,Governor,Council of Governors of Kenya,,https://cog.go.ke/current-governors/,ACTIVE
807,"H.E Sakaja Arthur Johnson, EGH , CBS",True,False,LOW,97.0,Governors,,,Nairobi,Governor,Council of Governors of Kenya,,https://cog.go.ke/current-governors/,ACTIVE
808,Hon. Ndiritu  Muriithi,True,False,LOW,95.0,Kenya Revenue Authority,,,,Board Chairperson,Kenya Revenue Authority,,https://www.kra.go.ke/about-kra/leadership,ACTIVE
809,Mr. Hadi Sheikh Abdullahi,True,False,LOW,95.0,Kenya Revenue Authority,,,,Independent Director,Kenya Revenue Authority,,https://www.kra.go.ke/about-kra/leadership,ACTIVE
810,Mr. Richard  Boro  Ndun’gu,True,False,LOW,95.0,Kenya Revenue Authority,,,,Independent Director,Kenya Revenue Authority,,https://www.kra.go.ke/about-kra/leadership,ACTIVE
811,Ms. Lydia  Cherono  Rono,True,False,LOW,95.0,Kenya Revenue Authority,,,,Independent Director,Kenya Revenue Authority,,https://www.kra.go.ke/about-kra/leadership,ACTIVE
812,"Hon. Dorcas Oduor, SC, OGW, EBS.",True,False,LOW,95.0,Kenya Revenue Authority,,,,Attorney General,Kenya Revenue Authority,,https://www.kra.go.ke/about-kra/leadership,ACTIVE
813,Mr. Lawrence  Kibet,True,False,LOW,95.0,Kenya Revenue Authority,,,,"Alternate Director to the PS, The National Treasury",Kenya Revenue Authority,,https://www.kra.go.ke/about-kra/leadership,ACTIVE
814,"FCPA, CS Risper Olick",True,False,LOW,95.0,Kenya Revenue Authority,,,,Independent Director,Kenya Revenue Authority,,https://www.kra.go.ke/about-kra/leadership,ACTIVE
815,"Mr. Ashif  Kassam, O.G.W",True,False,LOW,95.0,Kenya Revenue Authority,,,,Independent Director,Kenya Revenue Authority,,https://www.kra.go.ke/about-kra/leadership,ACTIVE
816,Mr. Shimaka Leonard,True,False,LOW,95.0,Kenya Revenue Authority,,,,Independent Director,Kenya Revenue Authority,,https://www.kra.go.ke/about-kra/leadership,ACTIVE
817,"Mr. Adan Mohamed, EGH",True,False,LOW,95.0,Kenya Revenue Authority,,,,Commissioner General,Kenya Revenue Authority,,https://www.kra.go.ke/about-kra/leadership,ACTIVE
818,Dr. Lilian Nyawanda,True,False,LOW,95.0,Kenya Revenue Authority,,,,"Commissioner, Customs & Border Control Department",Kenya Revenue Authority,,https://www.kra.go.ke/about-kra/leadership,ACTIVE
819,"Mr. George  Obell, MBS",True,False,LOW,95.0,Kenya Revenue Authority,,,,"Commissioner, Micro & Small Taxpayers",Kenya Revenue Authority,,https://www.kra.go.ke/about-kra/leadership,ACTIVE
820,Mr. Weldon Ng'eno,True,False,LOW,95.0,Kenya Revenue Authority,,,,"Commissioner, Large & Medium Taxpayers",Kenya Revenue Authority,,https://www.kra.go.ke/about-kra/leadership,ACTIVE
821,"CS Nancy Ng’etich (Ms), MBS",True,False,LOW,95.0,Kenya Revenue Authority,,,,"Commissioner, Shared Services",Kenya Revenue Authority,,https://www.kra.go.ke/about-kra/leadership,ACTIVE
822,"Mr. Paul Matuku, EBS",True,False,LOW,95.0,Kenya Revenue Authority,,,,"Commissioner, Legal & Board Services",Kenya Revenue Authority,,https://www.kra.go.ke/about-kra/leadership,ACTIVE
823,Mr. Alex Mwangi,True,False,LOW,95.0,Kenya Revenue Authority,,,,"Commissioner, Tax Research and Analysis Unit.",Kenya Revenue Authority,,https://www.kra.go.ke/about-kra/leadership,ACTIVE
824,Dr. Mugambi Mwirigi,True,False,LOW,95.0,Kenya Revenue Authority,,,,"Commissioner, Kenya School of Revenue Administration (KESRA)",Kenya Revenue Authority,,https://www.kra.go.ke/about-kra/leadership,ACTIVE
825,Mr. Mohamed  M'maka  'ndc' (K),True,False,LOW,95.0,Kenya Revenue Authority,,,,"Commissioner, Investigations & Enforcement",Kenya Revenue Authority,,https://www.kra.go.ke/about-kra/leadership,ACTIVE
826,Ms. Maria  Muthai,True,False,LOW,95.0,Kenya Revenue Authority,,,,"Ag. Deputy Commissioner, Internal Audit",Kenya Revenue Authority,,https://www.kra.go.ke/about-kra/leadership,ACTIVE
827,Mr. Benson Kiruja,True,False,LOW,95.0,Kenya Revenue Authority,,,,"Deputy Commissioner, Supply Chain Management",Kenya Revenue Authority,,https://www.kra.go.ke/about-kra/leadership,ACTIVE
828,Joy Brenda Masinde,True,False,LOW,95.0,Kenya Power and Lighting Company,,,,Chairman of the Board (Independent Non-Executive Director),Kenya Power and Lighting Company,,https://www.kplc.co.ke/board-of-directors,ACTIVE
829,Dr. (Eng.) Joseph Siror,True,False,LOW,95.0,Kenya Power and Lighting Company,,,,Managing Director & Chief Executive Officer,Kenya Power and Lighting Company,,https://www.kplc.co.ke/board-of-directors,ACTIVE
830,Hon. CPA John Mbadi Ng'ongo,True,False,LOW,95.0,Kenya Power and Lighting Company,,,,"Cabinet Secretary, The National Treasury and Economic Planning",Kenya Power and Lighting Company,,https://www.kplc.co.ke/board-of-directors,ACTIVE
831,Mr. Alex Wachira,True,False,LOW,95.0,Kenya Power and Lighting Company,,,,"Principal Secretary, Ministry of Energy & Petroleum, State Department of Energy",Kenya Power and Lighting Company,,https://www.kplc.co.ke/board-of-directors,ACTIVE
832,Logan Christi Hambrick,True,False,LOW,95.0,Kenya Power and Lighting Company,,,,Independent Non-Executive Director,Kenya Power and Lighting Company,,https://www.kplc.co.ke/board-of-directors,ACTIVE
833,Eng. Albert Mugo,True,False,LOW,95.0,Kenya Power and Lighting Company,,,,Non-Executive Director,Kenya Power and Lighting Company,,https://www.kplc.co.ke/board-of-directors,ACTIVE
834,FA. Stephen Ikikii,True,False,LOW,95.0,Kenya Power and Lighting Company,,,,"PhD (Alternate to the Cabinet Secretary, the National Treasury)",Kenya Power and Lighting Company,,https://www.kplc.co.ke/board-of-directors,ACTIVE
835,Imelda Bore,True,False,LOW,95.0,Kenya Power and Lighting Company,,,,"General Manager, Legal, Regulator Affairs & Company Secretary",Kenya Power and Lighting Company,,https://www.kplc.co.ke/board-of-directors,ACTIVE
836,Ezekiel Saina,True,False,LOW,95.0,Kenya Power and Lighting Company,,,,Independent Non-Executive Director,Kenya Power and Lighting Company,,https://www.kplc.co.ke/board-of-directors,ACTIVE
837,Dr. Caleb Bwauma,True,False,LOW,95.0,Kenya Power and Lighting Company,,,,Independent Non-Executive Director,Kenya Power and Lighting Company,,https://www.kplc.co.ke/board-of-directors,ACTIVE
838,Eng. James Kwanya Rege,True,False,LOW,95.0,Kenya Power and Lighting Company,,,,Independent Non-Executive Director,Kenya Power and Lighting Company,,https://www.kplc.co.ke/board-of-directors,ACTIVE
839,Eng. Isaac Kiva,True,False,LOW,95.0,Kenya Power and Lighting Company,,,,"Alternate Director, Principal Secretary, State Department for Energy, Ministry of Energy and Petroleum",Kenya Power and Lighting Company,,https://www.kplc.co.ke/board-of-directors,ACTIVE
840,Ruth Muiruri,True,False,LOW,95.0,Kenya Power and Lighting Company,,,,Independent Non-Executive Director,Kenya Power and Lighting Company,,https://www.kplc.co.ke/board-of-directors,ACTIVE
841,Amos Cheptoo,True,False,LOW,95.0,National Social Security Fund,,,,Trustee,National Social Security Fund,,https://www.nssf.or.ke/board-page,ACTIVE
842,Isaac Mbingi Okello,True,False,LOW,95.0,National Social Security Fund,,,,Trustee,National Social Security Fund,,https://www.nssf.or.ke/board-page,ACTIVE
843,"Dr. FCPA Anne E Owuor, Ph.D., EBS",True,False,LOW,95.0,National Social Security Fund,,,,Trustee,National Social Security Fund,,https://www.nssf.or.ke/board-page,ACTIVE
844,Rose Omamo,True,False,LOW,95.0,National Social Security Fund,,,,Trustee,National Social Security Fund,,https://www.nssf.or.ke/board-page,ACTIVE
845,Dr. Kaberia Isaac Kubai,True,False,LOW,95.0,National Social Security Fund,,,,Trustee,National Social Security Fund,,https://www.nssf.or.ke/board-page,ACTIVE
846,Dr. Milkah Kimonda Chebii,True,False,LOW,95.0,National Social Security Fund,,,,Trustee,National Social Security Fund,,https://www.nssf.or.ke/board-page,ACTIVE
847,Michael Macharia,True,False,LOW,95.0,National Social Security Fund,,,,Trustee,National Social Security Fund,,https://www.nssf.or.ke/board-page,ACTIVE
848,David Koross,True,False,LOW,95.0,National Social Security Fund,,,,Managing Trustee/CEO,National Social Security Fund,,https://www.nssf.or.ke/board-page,ACTIVE
